TICKER_SYMBOL,REVENUE,COGS,PREPAYMENT,OTH_PAYABLE,C_INF_FR_FINAN_A,SURPLUS_RESER,C_FR_OTH_INVEST_A,T_NCA,OTH_NCA,MINORITY_GAIN,END_DATE_REP,RETAINED_EARNINGS,SELL_EXP,PUBLISH_DATE,T_LIAB,A_J_INVEST_INCOME,DEFER_TAX_LIAB,DEFER_TAX_ASSETS,CIP,T_PROFIT,T_CL,C_PAID_INVEST
84874,1.38E+11,1.02E+11,8793024847,2817423214,6.09E+11,10781000000,519789274.5,1.7644E+11,1589351361,338004800,7,1.13E+11,9732335063,7,3.63E+12,2063501400,3030000000,34725000000,716046979.9,36240000000,2.47287E+11,5.65E+11
3433369,11059984336,9955307006,9202930.71,232032023.8,437425075.7,350187601.1,1761462167,2710511603,1871965.84,21014646.95,7,1495135081,250657691.2,7,2151629145,3411761.86,12563752.22,39082710.96,771971469.4,429029356.2,1182003645,739000000
1050999,571072893.9,431021312.6,12683603.89,75787885.66,178020000,21007488.73,2385849.54,961445016,6889167.54,-862474.29,7,387423510.8,23956102.3,7,306569147.2,19134325.91,35637183.99,8658962.39,47654393.55,302595269.1,300284118.1,1758560000
4735988,3704210735,2217207732,10847962.28,142232238,718848326.8,235701180.1,487431753.4,1100421188,7373248.48,3398830.348,7,966840818.4,865792078.6,7,1106383608,1787907.1,1256242.49,83739383.37,59956171.22,276233643.4,1097759594,874783698.3
3956194,52045764143,46292408841,389828785.5,1792342684,379185917.9,214063491.5,3188480.07,7133216874,77354970.39,212929512.1,7,7752265659,3055403668,7,18454862937,331171902.9,118284962.8,63110829.12,31582575.84,1856658137,16963931157,56001023.17
1082462,1501126102,1132797998,91964431.89,77772060.94,47920000,256538390.8,341675391.7,540891334.5,23423664.03,23830722.28,7,723971762.5,41732746.13,7,684000449.7,-56355.2,5787688.38,20702166.25,745000,202725820.9,661506800.9,200000000
380568,86803376390,83316650863,1801675988,1852232886,20375933594,99533275.62,2246614310,6065406843,90317630.76,246609.94,7,1261899896,1698215204,7,25046035352,59517314.09,107321370.6,357748473.7,730146171.9,931488977.3,22510928066,37893397.3
825208,3025439392,1564779241,245755138.5,3133538017,42351673136,1093870011,25634801.49,40673575424,910492220.5,331646964.7,7,7037544370,100744729.1,7,1.45E+11,1563742443,1476947192,2624761094,2804458349,2405448000,1.02E+11,2636313540
707993,14355283742,12753943828,454480085,342312414.8,7622952997,370550220.5,291705208.7,4026976264,53645594.16,87217954.65,7,3046587012,274744956.2,7,5639193961,105703130.3,97059051.33,40553752.09,615929.21,899673113.9,5094999895,5539612.2
4296394,41492703946,35971885104,1142263774,2501149604,29472516072,52141669.22,428515866.3,6598706551,617813032.7,311882275.5,7,1178217871,1893344130,7,33319372798,1941974.39,3208000,319042209.9,90105352.1,926956603.6,31828994088,53275000
3700382,1623086753,1451651788,3562855,114933332.7,229710555.4,387525313.6,419464974,1321087014,58645311.93,4112173.46,7,1327957391,62123006.68,7,210481977.1,13322608.82,60256624.68,4278886.05,43579576.06,150003801.3,150225352.4,46968478.17
134019,1792237334,1465827045,553223982.7,764607277.3,2479606869,98809613.67,230634863.9,3592895285,515039574.5,18411522.1,7,-500529478.4,66147171.61,7,5039772510,-7485415.39,22462583.63,46705405.14,309417635.8,-1476260370,4017588077,104400000
1595636,1183601165,859255568,232272483.5,243658383.2,251726791.4,147990000,95999767.87,440315637.9,28330161.33,3813154.452,7,58928070.61,82219924.38,7,1444474484,931518.694,7142368.82,47769411.45,5249.66,8493896.1,1439356574,196552805.7
2316008,3710664686,2336694155,6605449.72,560318754.1,3351275787,289721301.8,14115696537,6126878714,292498440.1,-31570573.87,7,2908724919,537825536.7,7,4720927796,20278314.7,30305491.13,11879570.59,743968991.4,664943470.1,3284847527,18000000
1693474,430394496.6,395015659.4,31669064.59,99007840.53,603000000,132345583.5,6350387,1428367661,11193679.19,-4355139.06,7,1192274199,10054678.06,7,632766377.9,34368401.96,27799248.29,22507434.52,86801256.45,33397501.06,488239229.6,128873593.2
4357833,24593411763,17642351675,102873706.1,2817423214,88440783639,3390426173,2117959236,85261779311,1363048855,67928351.97,7,23464175130,1095014975,7,3.04E+11,282138478.3,2557994.93,1833394995,551065754.4,6927231024,93199584127,10676624542
2748477,24600927156,22958563391,301127222.6,463616130.1,4259024646,20104780.42,139700,1193093571,812760,186578317.3,7,787893073,656915334.4,7,7797955068,-593254.19,39235549.95,11732906.84,100676116.9,466136095.3,7496254843,10110000
2070940,6915252.35,50017.44,291860.98,981876.38,8580498.24,47091680.46,154700401.3,254483227.1,9939985.598,2615633,7,272553052.8,9377920.44,7,24838750.77,-853795.92,8266011.288,4418583.21,11018484.66,48812322.43,24838750.77,161450016.5
1603543,10908554054,8752013600,250129687.5,293495809.1,713900000,983243987.4,1278000000,5756133718,561252108.6,87517055.3,7,1894762891,509689046.6,7,6089123024,-46146079.77,66853588.85,161561066.3,14716875.06,396650690.2,5463734046,921338390.3
1757700,3455659922,2705188682,14316879.8,229450844.7,483333400,159042759.7,134885963.1,2761822917,2734196.49,25595562.95,7,1117747418,265276263.8,7,1910019614,-1785842.698,254350291.8,22294825.01,631999.82,257369329.5,1619555084,96000000
3061690,17756087656,13773460088,443378229.2,1950755548,2872763048,1517134547,5406391134,16915642812,480610243.1,104837408.9,7,5644766276,1957256158,7,14085259481,221877.94,43356173.23,80728991.07,2502625080,1610007522,12948941611,252150885.5
4548045,990952681.3,849143032.9,21035664.38,423938814.7,3027269999,400702384.8,500000,8410602747,459909868.5,-8617548.92,7,2595952093,11296374.85,7,5034979331,-25948508.49,9683836.17,22198246.99,2485361744,-384510021.5,1865913254,2669463261
2819669,2991938325,2175673150,49680525.73,339617826.1,76470000,4590910.24,712980000,2139269665,10000368.93,-1549613.51,7,-62198819.19,243485062.9,7,3505248521,580254.87,12685158.74,5507762.89,88135319.18,43153081.82,3492224512,20333333
1731244,2924590160,2641073570,2186603.17,86722463.8,181250262.4,113409576.4,473057930.4,1045852989,10100000,136009.1,7,124949535.1,196533498.6,7,408821982.1,-739209.79,10033246.99,23489226.8,2832498.06,17257193.66,345231819.2,208532508
4896424,1755654631,993297223.3,12248365.54,823418554.9,2200000000,373353666.4,1359730721,4170462113,93324642.4,29163174.32,7,2102379448,52421558.75,7,3689372690,-986071.46,15150271.11,329714177.3,618213633.2,760251881.1,1819906360,4677434359
1885111,5760177411,4266512762,509963421.3,1659249338,5990546186,168038335.6,6121592277,23228370532,39225429.81,-77825524.39,7,-1181284153,797890841.9,7,21961586481,-9330906.62,2368592967,99279953.16,244785111.2,-983665377.8,17687911075,2690832000
360754,307282377.1,740196089.6,21504237.62,438374382.5,1595503000,26091671.88,1024249.49,935537847.3,21945903.52,31678.792,7,210354552.3,57419266.53,7,1790603848,-9930820.31,63513.51,3384636.02,49121810.03,127954205,1054503802,39346293.38
350900,4306246218,3214634770,90851149.2,299348990.2,2642208952,759935895.1,2823584590,9178108984,25247209.48,3786718.05,7,1334634473,82242632.61,7,6096075252,7237041.574,1069063.96,30898208.65,977521490.4,553669306.8,2516293595,900000
129641,1822062333,1351738576,25570871.95,239619393.9,837709998.4,151321775.5,2500000.05,1974537122,33532742.94,38986306.22,7,878537971.6,134968524,7,1579969247,27550398.03,102739.82,3842576.58,314694227.7,64754818.36,1372944164,983402390.4
3182805,794507497.3,570704960.2,159925756.3,2817423214,53915512839,5533704745,2114365182,4.2E+11,1157076736,7429627405,7,22781594866,8670050358,7,7.8E+11,977194928.5,268452447.8,3864263709,106946899.5,18590050993,7.46E+11,1.81E+11
2922845,67754168436,66803998374,541461468,1288328638,1596023647,11342209.81,74602153.78,569843744.1,70111538.42,27357087.69,7,950487696.5,578889245.7,7,3990195952,-592959.16,42256781.49,138164370.7,75677981.23,302184953.8,3375192942,817894185
2209807,50192084322,46761215318,497844618.3,3145283365,1570756000,196953610,323000000,1.79E+11,316041890.6,1142617858,7,5828959152,1636319638,7,1.71E+11,148890819.7,1049410880,944164095.1,99646827.34,3633443845,8433860854,1.23E+11
996504,6376854691,5820830531,606420601.9,246542231.9,2235407053,167393021.7,1224200.02,2801920178,35486015.95,40148958.33,7,235435695.8,101169736.8,7,6827120717,40207776.34,321768174.9,20001138.65,16564126.09,125466287.1,5012110799,26521074.97
3208224,20161399532,18685720258,1536040773,7598635668,17628828830,476723484.2,60872263.7,8631310262,38960962.97,15973089.19,7,2132357420,99985088.73,7,28259802009,124297598.1,91301102.28,206136965.2,992940294.4,546271627.8,23802755932,153767473.8
3580066,2624932424,1683772218,112071016.3,439795021.2,2272826763,110999704,3095466412,9721178439,234247995,18459902.53,7,1835405076,369076763.1,7,4987940797,1498715.94,16136885.37,5243360.9,1854301467,129680064.7,3801065823,249350000
4938803,4686686076,3486383226,435195155.5,424852475,4593025204,1339256208,0,9564921763,20400000,1117078165,7,4352244398,157704957.4,7,13637188010,290055845.8,33469411.2,462263444.7,192155025.4,2066336377,8283546991,50291217
4570965,495010481.2,368264649.3,256581176.8,408385422.6,112620000,24695629.51,77930643.2,364614989.1,6800000,-19118854.01,7,-2433211965,44668610.48,7,1600474545,-7313415.088,6893283.13,27513534.43,80639355.81,-639508548.4,1290850410,46180000
1513417,775761838.8,656978148.7,4084056.51,2199218818,989541392.4,198312245.9,35678533.33,998241565.5,2561177.47,-19142238.18,7,-13474638.05,54979626.15,7,3831794222,-1909078.918,22207073.92,43737839.61,596847177.4,-344904108.5,3439033889,204152762.3
872160,722107028.6,266467244.3,12294618.38,332687042.3,270000000,19065290.51,180328918.7,3425813443,828443794.2,-1588441.64,7,1338242751,78113697.32,7,1043487286,56666640.48,13036580.93,6450422.77,284438393,261917761.2,651045381.1,308752560
628443,7968795587,6691373082,856837909.3,2465568277,22636750000,940002645.3,9749000,9559115051,113795997.2,36265663.68,7,4552525745,147593359.3,7,52068101465,130347253.3,172947044.1,562868833.7,329104859,1275738661,24975401671,3060375296
839772,83797941844,82589285854,1402279466,3013491482,41058771598,120141440.6,2252601497,4710680757,84772482.57,-135152343.2,7,-2094427836,459630487,7,16662009649,10283320.14,39782688.73,121720173.8,99714935.05,-2388359921,14380982603,77563168512
1240222,3243149411,2550843349,33174141.15,136510251.6,13724390.84,53937726.61,9317123.29,926867767.7,3229215.94,2501216.23,7,651898194.3,451176775.2,7,876799787.5,268075.19,37586164.14,29870049.62,6989715.8,257088198.1,758175914.9,285000000
3530822,1519266124,1312454540,28736030.83,768524899.6,7219541800,201792963.9,1608950,5084839940,67981104.65,73766072.33,7,1518931350,164078248.7,7,22070631054,249260628.5,3252509.28,141503285.5,65443501.27,207871418.7,19215674829,3000000
2079674,2702172507,2164148946,2894846.62,136510251.6,209198665.5,163699292,453206857.4,1164203765,11479833.46,1184300.906,7,715925459.8,52056012.99,7,814312738,9702361.034,1851900.29,51370951.52,77880391.19,209711946.3,645860596.7,570000000
950844,9498392751,6593052439,392311918.7,369285999.2,30524367.83,252398707.8,2456657259,4752866225,91226087.71,8803289.23,7,4255066195,1077981389,7,4249954799,-720593.23,45703126.94,25576482.49,593685703.9,853496939.6,3570263039,2778312686
3815013,3198808368,2094279722,851333610.8,2465568277,39897004965,1336639334,103593405.7,15665416714,278648864.6,427353.8,7,4565132949,147593359.3,7,58322417295,127312740.9,60084972.69,328697366.6,326597388.1,1151315871,31972683383,65000000
192356,2929130916,2442107988,100592871,37378150,100000000,413135033.4,10871772.29,2565846610,42104367.29,206500.02,7,1142583085,122429180.8,7,921723736,4870169.17,1401007.75,9735892.95,11949898.58,100903845.3,644178439.3,1465868375
1919224,3560208078,2844724198,138935499.5,2203281538,2508430000,647833857.9,261679.81,10130098304,896121135.3,56166874.77,7,1342945637,287174510,7,51797302063,34299918.38,11208635.16,243035573.2,179473822.4,716729094.9,24423854843,1783369416
721731,2843711346,2264236179,107483421.3,377791615.2,1186814125,67161737.58,405404962.3,2324658369,7678823.122,11388212.08,7,616099785.9,177126113.8,7,3073015999,-8546617.7,32449521.13,7698145.38,494853175.8,204729693.7,2241335769,248110000
4102514,4444479624,3970531521,284356112.8,220000246.8,573055391.3,67948162.86,89088722.3,991326695.7,52796877.36,1281900.73,7,-445501235,84890118.84,7,1417998392,-980772.71,14563483.36,7676219.24,41820660.08,174937596.8,1306576571,28669100
824415,15547874381,12076382080,298123306.1,306668912.3,1437613290,424543677.1,20100000,5938261929,16508537.41,2777751.57,7,1178393206,2751922486,7,5636369865,-16173321.06,1901750.32,4030899.1,129597011.5,80188251.77,5626190805,2402707100
3524021,22809882495,12109985820,102873706.1,2817423214,69409700789,6344759089,2115491691,85261779311,1363048855,571339882.8,7,29655551451,1095014975,7,3E+11,446525207.2,281428026.2,1058688190,551065754.4,10276222661,93199584127,19169866426
157110,7032892044,4713666428,159034443.8,3046746728,20398765033,1822337621,10241956059,29518015254,385783398.5,-83092047.21,7,5056285108,440924919.6,7,81190688073,77447586.77,83444430.87,484879035.6,308203491.3,2339657117,47304991028,112030598.2
2185630,9084996585,4836455384,918592816.5,1488029852,241656248.2,71251458.18,606091070.4,27321945342,3950586653,25061576.43,7,3655594606,726973252.8,7,18626424133,-78502367.68,2229657577,1168922902,1686066320,3934254170,8825702430,3934400000
2839457,3920344174,2956806856,492695642.1,319296094.4,1304037007,384109971.1,2841852065,9454323327,585485446.7,260641341,7,-1221593519,268763521,7,6682205883,-18586748.85,179395492.4,48516259.97,98318616.69,533500104.7,2773046048,883472534.9
3694739,855335357.5,762386098,1652781702,288248283.9,540000000,82671375.7,70063852.94,1249283370,264079240.4,-13413074.11,7,-1435478266,5134197.41,7,2084766561,9755003.466,1164701.39,69969365.77,233207.55,-2352679437,1971251681,706714285.7
2303318,52941830847,50973230919,771103216.4,1292233820,2270437429,160776059.9,110120245.4,3746126869,21836817.51,33779423.48,7,856098385.2,776961275.6,7,10982773628,3265621.62,128618594.4,103655848,196347979.9,81360888.22,10103069986,45496164.5
920394,11409546498,11008154015,605542200.8,282507967.1,3063089721,44599448.66,210000000,1744228714,62971401.97,-2577644.06,7,506255082.3,182242602.5,7,5420247119,2757913.46,1174732.98,52919574.08,812333.94,33764760.56,5097707902,2400000
3855449,540047298.3,574218359.3,375030061.3,126574665.4,748000000,30835474.82,51907417.74,232899926.4,8673459.368,-34541.26,7,509956258.8,111778803.3,7,896446563.9,-3404907.61,4249367.018,148178303.3,55847804.45,-616124690.9,869379465,687562000
580223,73463914006,71831749868,2419350429,1288328638,10074443587,117909675.5,48633494.62,1365300452,171386001.9,42996610.23,7,1075886307,297295286,7,11329963474,29334783.52,43841790.42,145605345.5,22285012.64,764623170.3,11208471868,4083120304
1063358,33843821481,30780267804,364114454.7,2194622753,8722129886,120334664,68202750,5132431248,333332521.3,156331683.6,7,3865216942,1024932266,7,16618285302,296361486.7,9079386.66,71405572.57,170577674.7,1117696660,15193115815,456052700.4
1267460,35445698216,24086722962,363246612.9,771717332.4,1922537328,710359967.5,10330000,7728104089,184141659.1,112283952.8,7,7668434643,5797236883,7,8597349907,11058408.16,39604343.27,116157614.5,1829808233,3470266224,8396638635,256944900
722904,8371976599,6029885830,28947819.49,3046746728,40546796741,652730743.4,10169144189,36900594060,1400000,494740069.7,7,1422120134,610265309.4,7,91208246611,8230711.19,171537781.8,247482531.6,7386362.05,2324210003,58564059783,3669730944
390627,62307786.31,53193097.44,12231449.01,126574665.4,695000,26171217.69,22782450.38,611364823.8,31257719.37,3001170.362,7,95359179.88,3841285.88,7,202783518.7,15532694.08,33780919.93,7291145.692,30240028.27,5585903,169002598.8,128423310.9
2213558,2.69E+11,2.3E+11,26988913000,2415749166,91508874000,1748672000,2452307816,1.16E+11,797080000,-523168000,7,41277886000,33532018000,7,1.5E+11,264998000,7567680000,4130170000,4343334000,14594597000,1.21E+11,97179888000
1503941,8525026063,4790231052,214342103.6,688886634.4,9024751678,71934339.69,457237852.4,10227203639,237348067.1,152737236.3,7,1184276684,2031132153,7,10764598825,-15924703.51,3957992.89,100159632.7,59483859.71,-485749031.8,7982979147,356201953.5
1504580,490771617.6,369819572.3,79195925.87,649055205.6,20300000,61173094.85,12880000,755521501.4,1708039.98,221718.72,7,-810911360.3,30112114.7,7,1917168277,-537095.18,24317947.66,68520842.96,20696638.67,-931461589.3,1643964924,163573845.9
3640639,39289930632,34630983218,582364614,1060924104,8264367612,398696712.9,448076648.3,3756788525,119426986.4,501037082.4,7,3212759025,2001936332,7,12325162649,41922248.39,20353413.52,134733447.2,292996429.7,1897894846,11454319568,17618215193
1552897,35081391000,19791835000,1528551339,2225310397,3.77E+11,7249585000,2953649435,11307744459,173234942,76607000,7,40694699000,1753495536,7,1.22E+12,253185006.7,450125466.4,4858203000,1324356000,15217893000,29593784897,1.83E+12
1895084,872197431.9,803096833.7,11195673.52,209489463.1,128125500,25102306.36,981166.68,1740369999,29579938.02,212039.38,7,-764449156.1,11107923.5,7,498111084,12435340.72,47162952.3,30505624.4,8094543,-1150427884,315802157.4,510000000
2161968,8018647033,6829509193,66342673.27,246264601.1,1251538302,276735860.2,3089144541,2004975689,21008475.79,2507110.03,7,1222525242,846126879,7,1526593162,-922691.2,20871041.62,97205256.76,1659856.79,165213152.3,1477704120,25935842.53
3689696,46187623600,43737081202,706285893,1288328638,8326425555,83282046.36,48435933.43,11247634160,109368210.8,2937304.78,7,4053639641,194913588.8,7,18741061587,6473815.42,49518672.57,70621871.57,2210155357,1440139805,16187383792,12209129306
1168609,19661390349,14921510774,991329608.6,2794348612,10837603760,300255745.1,925245495.3,17991663246,502996140.4,8800991.24,7,1082329344,3725066212,7,16543765323,-4960173.4,524952911.2,177012407.4,641877074.2,226296907.2,13465154849,268005645.1
2682553,6005518989,4698334459,141987246.9,276166014.1,549446538.1,132821361.1,427054148.5,654283690.7,36127700.95,24079451.14,7,-1054109134,1006679147,7,2173572660,-3948123.836,95332653.2,4234842.08,43869343.48,-711901428.7,2162153830,50000000
3799466,6248432516,5011035609,183269430.5,718359216.5,2487675113,587236699.2,297500000,11252152370,2730473607,-114901480.7,7,3737528882,454666845,7,8436028253,339360566.4,99895671.4,55260732.98,273844191.9,309937550.8,5706783817,26387577.06
4786358,7600623602,5786542962,72535574.6,362212368.5,270728159.4,174952976,402666660.8,2190092567,294983937.3,-1290307.04,7,-1599391511,1576498765,7,3297484299,30750014.23,18114061.47,2301661.32,47648213.79,54193406.28,3225238547,1109179238
3058236,1171427358,892571134.9,51620345.75,71840307.2,506359142,34628458.35,96577218.27,233254733.7,15474898.04,-7930685.96,7,153456516.2,65958904.36,7,935185029.4,106776.14,2012690.67,57953599.15,5610618.508,175408065.6,933172338.8,130000000
1856393,848393525.8,494120362,29124584.97,1252948769,275342572.5,29332370.58,156559361.7,802496609.4,66716890.04,-569626647.4,7,-3090082128,124470136.5,7,4750732713,711415.17,1606135.52,2308711.54,53563186.2,-1980187784,3633199749,51095627.44
3617040,55796630956,54207135111,999960695.4,1288328638,8215917586,274170573.2,116146944.3,1160626805,63568961.03,-22999647.9,7,2177786270,686020009,7,5235840250,-26393338.97,2595035.6,156167593.1,234513.28,394733047.6,5232729804,12851200000
3337155,19392529091,13853303146,31400147.13,787623721.1,917007.88,557972395.4,14120000000,7043636634,242699802.4,1504006,7,3881954134,4022225384,7,9678196323,24385215.87,40382946.56,43676795.29,8686129.45,1105198085,9536870215,2583941867
3690347,326630756.3,121307952.4,55312840.39,2301299649,2.55E+11,66630288.14,0,33173565854,976000369.5,510201888.1,7,3657685236,0,7,45674581852,236278214.7,10406148.01,315207167.3,394841711.8,1320452946,17527754330,34783967597
617061,9925260476,8888463682,64689147.42,241318381.3,335034706.8,153112450.7,1513405827,1231337912,5965489.2,-9870262.21,7,1284748981,461591174,7,1411616862,2006825.93,8797291.95,47464003.31,65541485.44,305441973,1396649612,217000000
3473078,597539431.3,515664665.9,34760399.99,590747212,34010969.44,37713999.14,1811999.77,1143268005,79820754.62,-334413.29,7,-3010622841,107475427.8,7,2689205338,-23119724.72,5928101.792,121141.26,16765580.06,-1745177417,2673832119,4000000
4265131,22186572875,19916220305,516883052.5,463616130.1,5838244156,164466179.1,2835944279,1313984300,38619726.9,283845204.4,7,1683487643,895047863.9,7,8114527426,1973491.48,11938194.39,31303282.22,176288048.1,887549616.6,8096389732,47568700
2558428,5102180737,4434575469,856837909.3,2162773658,25309084900,556740074,100000000,9559115051,107277641.5,9738768,7,1382574910,147593359.3,7,42480036575,152098161.4,33049056,174961762,329104859,665778305,24975401671,5640128515
1907820,1063520540,1116301830,74415517.53,146727392.2,610095343,47784436.8,77969668.58,444023118.7,2847214.3,-1672955.57,7,-1227862310,39175374.55,7,77758515.09,-9430494.61,11462284.06,19108934.75,55765371.55,-847253257.9,77758515.09,586315072.5
693604,13488180955,12148540992,488289993.5,337065154.9,3452429851,31118814.72,739909988.6,7723180221,971478338.5,2334703.84,7,-714081770.6,686611014.3,7,7803207579,-16894048.14,20087301.46,66047457.81,438561059.7,83660182.02,6154891049,75318785.76
3812379,7760581856,3548777745,50113549.84,338477429.7,628332499.7,474516412.5,0,1600125530,23558781.27,24430506.83,7,5054206720,1928259172,7,3677639223,1550487.63,5717848.25,70877116.09,272211720.6,1871530475,3557070112,2693500000
2871609,2168713304,1802007803,84599571.83,255343299.8,1539005223,103108370.9,1000000,2954729963,31592606.01,-7043069.71,7,1003836992,56042161.08,7,3169505881,126804397.3,3034294.83,75422564.27,30826326.86,60199370.94,2710012098,1000000
3810766,1284867051,800735311.6,29501651.79,143898305.3,96182950.62,20253935.26,125275518.5,1232693497,16838426.96,84445846.28,7,-55198376.82,146297922.5,7,717633934.7,-314726.73,1421703.67,35317038.54,27596818.3,216196015.3,549722555.7,140202830.2
1753293,18626083307,17611370082,1175013753,282776769.6,3151108027,114375978.7,195671862.7,2839762545,160185434.7,24473225.01,7,959866949.6,356323856.1,7,5363648999,92244794.21,14230881.75,84459693.46,43013644.05,247177432,4958476882,189626402.7
2855027,1928654087,1367927063,9172920.32,88136242.08,134592763.3,207881500,802044285.5,966870118.5,18021839.9,15314765.75,7,1143502692,102454573.9,7,423491220,133732.21,41489110.35,4883129.4,2234681.9,304795214.1,369618921.1,1600000000
2730764,35258509454,28439370996,1178591653,2648887675,28209018133,127193950.9,161332759.7,4708049997,164898886.7,492822474.7,7,1834757546,2649176126,7,22212526966,91008582.74,203098644,65432961.11,780597622.7,102375737.7,20660092882,199000000
4170086,9176129996,3812594387,2461009,354211997,3343698800,45000000,1564213064,5124441655,325967628.3,-6019.5,7,2046657231,1482984427,7,6529165544,5088632.292,106932273,21482832.13,653580160.3,2089327431,6422233271,27055030000
82409,629819433.7,195111784.2,20459292.56,359243554.6,672300497.7,45809069.38,217104424.7,3484363326,727500,66612839.38,7,511019366.3,45122535.91,7,1825087664,-1630669.83,7705185.97,12061983.97,1688357,243490220.2,1762471146,166041185.3
1544724,17874236566,11862083273,700375590.7,342312414.8,7058435253,46335745.39,8209625,3726647251,2535068.33,-15704071.38,7,-868618896.1,5354645265,7,5948811992,-5420371.74,1164347.07,481909547.3,261181710.1,-2938899735,5602992535,10000000
2999962,1830818308,1539348845,23841507.01,344226438.3,935100000,43544814.66,5401800,1555393191,905332.08,2745887.57,7,189550879.2,37806671.44,7,2554218184,25762521.19,4086851.66,1859548.42,136569293.5,54289459.22,2134243693,135000000
3387626,794733846.9,551260489.5,15407338.09,264543255.5,50000000,27579031.87,2645773.62,2843031734,377835.2,-1416314.34,7,-50736267.12,20100505.83,7,1553111384,41075675.03,21162424.16,56065430.6,278560381.2,72174453,525766090.1,22000000
2017677,1350575.65,177922.13,40499725.65,486728922.8,5367724596,44253651.01,75992306.69,5245593667,185182864.3,-396252.28,7,406834197.7,53002097.51,7,22151492916,-5875736.9,2773704.78,40728159.07,22901650.15,202398365.6,20964000005,795776631.4
1429559,1684475727,782854847.7,13716772.09,69336459.62,140670651.1,193035715,442409623.4,1070438788,287610.63,20386343.46,7,622411675.8,256658480.6,7,467556357.2,9466743.61,17935817.61,13583391.99,80713622.48,534295577.2,439792192.1,450000000
2603195,7822778965,5406264301,346490621.5,286312666.1,465000,220881900.5,3089144541,2149133179,15652217.2,-215821.49,7,1432463742,1835986568,7,2049287693,169977087.6,8256292.548,6267295.09,55383211.52,567040862.3,2028987693,1400500000
1656791,1379754927,964517564.1,88193550.21,114216267,531117472,67441880.92,1678727790,1935041234,33500000,-5936694.6,7,332240710.8,27844160.1,7,562033940.1,-66866031.17,4223595.64,7658230.58,533980.58,44568104.5,536539587.7,256280000
4463928,10479093106,6424131698,471057864.2,285835481.7,599439200,237809599.4,2119022333,2355027774,18072280.7,-599425.76,7,2268365496,2834267929,7,3366641607,-487126.38,18161809.22,22357737.11,27020487.43,749050280.8,2826473175,3320855869
2048042,14092914616,7628263418,216436051.3,3758002931,65358530274,4212265618,2126018807,69106208264,465953476.3,3465589.99,7,20027506957,1095014975,7,1.68E+11,554833536.6,302471179.4,1643888120,695818111.9,6231885492,68903439230,21123814483
950956,15435362986,11195393157,1217991977,1315807678,4000000000,561144336.3,2719029621,17164543068,273450966.1,6845117.28,7,3095393583,969773831.9,7,12349605725,24215290.51,10560518.37,357226758.1,217600271.2,-4554105377,9941086908,247350000
1911937,1679074959,1426139254,20565849.84,77772060.94,345673000,29853935.63,84196265.19,479102158.3,4881788.65,-5354405.71,7,227363628.1,122265656,7,892788850.1,10968365.58,15186846.75,3358975.13,12250915.82,29869210.92,683851920.8,380000000
4187334,402286877.8,208209949.7,27578824.39,100395119.3,110035400,18176720.21,150224519.4,268266742.3,981775,1061167.09,7,107081105.7,118632289.2,7,215950776.8,793758.07,8051.69,9088726.07,4245752.03,-30440827.98,183370291.9,896500000
2418627,15008876119,13839484235,364020666.9,325695699.3,4905017575,87188027.49,291705208.7,1247266301,13329846.79,1620693.76,7,915393447.8,322602124.5,7,5649973378,64460358.84,6454310.15,28553108.4,104279101.7,344075768.7,5507022118,2648000000
1720207,2583271531,1895846336,129346821.4,768524899.6,1587780000,295905363.7,1356031194,9482654698,854018435.3,70065418.34,7,1615471014,211168226.2,7,26059796111,137911913.2,21313653.5,380081320.6,66748255.04,692596321.7,20006147269,67043384
2091113,3404346000,2263205000,396214854.3,3044639501,29101680000,3370609000,10183514813,35032470316,410537290.8,-910000,7,3011328000,432413415.4,7,1.14E+11,72166898.67,124855000,1124911000,260937405.9,1112598000,71977218246,78252268000
1220844,1029812067,825008679.2,32271649.11,74243282.82,274246202.6,29403952.97,7876322.894,61055298.55,18315077.64,14530955.56,7,265300105.4,33282845.93,7,449601973.1,-82601.81,13599184.12,3486619.75,57134608.85,87985933.44,437101973.1,111000000
3381868,3852844596,2886318652,495761137.6,2210431069,22553489640,3539693241,52661173.22,8146393239,156991745,-16767999.84,7,1853943883,1128262526,7,1.12E+11,98521755.05,27541839.52,834428738.7,6991187.68,965819385.3,11884007861,2.79E+11
1197150,440135434.5,313368733.8,8600400.77,126574665.4,71260022.58,19126592.82,22218075.67,302278285.1,2147657.82,13123549.79,7,190670912.5,11178242.22,7,223815319.9,4402601.834,3336999.47,4763693.18,41926293.15,48829759.61,192006586.1,6563380
1037678,5439289153,3482066618,26023132.8,284622770.9,181462611.8,369647383.9,390608732.1,1760403905,7851128.25,-94648.63,7,2038187466,587012795.3,7,1178654185,-8789.32,14822404.5,29669769.84,171186210,1292077816,1152558821,904500000
149536,1678052467,1206047031,50127908.16,264835230.5,671626071.4,141719599.2,1150000,2761382992,48374828.23,3913557.16,7,953596418.5,410144069.9,7,1462850479,5100442.838,1003874.47,53442722.65,788907022.3,-229636909.4,1226151470,142500000
2594308,2068936988,1602330779,220767861.5,30640645.12,731858713.9,129043819.1,17160856.81,1725675634,21406420.63,243263.36,7,891732582.4,245185218.3,7,1129199711,219684.42,24424207.96,5946833.69,181048394.8,153947521.3,934481773.4,707700000
3630599,747839588.8,554569049,15235221.62,64884525.8,290787618.4,19939864.2,403040.61,641803925.6,35370131.13,-616346.53,7,189535611.6,36379734.99,7,555341296.4,3713916.476,434412.32,19912371.88,14671855.69,52716484.8,472332512.4,621408362.5
1094703,3937424573,2066223525,856837909.3,2162773658,21537500000,814078671,0,9559115051,107277641.5,9342.85,7,5386873619,147593359.3,7,48133791062,-4485098.61,110425032.5,252158738.8,329104859,1864840921,24975401671,21535821425
893658,13486901000,9481532000,126592336.9,4153013274,1.25E+11,2675548000,46103069.86,1.61882E+11,1594184203,88098000,7,10333487000,1787402678,7,4.61E+11,644210728.3,885207353.7,2834990000,591106295.4,4006026000,2.30687E+11,1.31E+11
425116,3899142494,2697857631,651622439,2203281538,13334183231,552052779.2,103593405.7,12478527105,136522021.8,22393485.41,7,2236633720,287174510,7,41743400941,246145992.1,9554405.84,160345057.7,179473822.4,1202040777,23752432700,3448162547
1616008,1010603100,537040470.3,782643842.9,791706890.3,2584858800,178203862.1,448050467.2,3402486840,121925838.3,-408759.4,7,1085924938,160092221.7,7,11171270965,-5451166.742,7731838.85,2426923.01,628502351.7,476277525.8,4542315072,6905586040
329931,9616315000,6794351000,102873706.1,2817423214,85760858000,1626662000,2117959236,85261779311,1363048855,50707000,7,2528787000,1095014975,7,3.43E+11,380369186.6,472732827.4,1581905000,210203000,2828555000,93199584127,48872103000
4276611,8729188000,5592073000,102873706.1,4153013274,95157619000,2680911000,2117959236,85261779311,1363048855,22449000,7,7160136000,736343166.7,7,3.16E+11,380369186.6,472732827.4,1655694000,617878000,3110472000,93199584127,1.08E+11
4267744,951251523,791908186,309311097.5,861780335.7,390655493,105951776.7,376410.35,3255724836,49161519.74,13888157.01,7,756559838.3,44343650.55,7,4679366851,30885007.29,3149462.14,7889300.29,239849886.5,158870710.4,2764746557,812660214.5
4564086,9424243327,6134387247,102873706.1,3459112655,1.84E+11,2504432336,109523740.1,84516373670,1557968929,137544289,7,7280541346,549026170.1,7,3.15E+11,103502393,479182306.8,1554631546,80811705,3285241221,84992323037,1.85E+11
2437684,9012337285,8287682255,545053129.8,241318381.3,3250077375,51052371.54,1647373923,506519297.4,1182643.16,33834956.12,7,286809071.6,393035717.2,7,2481205448,-325038.21,3488574.31,23453128.37,19956940.59,132342114.6,2394249774,28800000
3208435,1650031852,1132806476,22413223.21,84335118.76,132072642.5,36879851.19,84405176.19,194984541,8610439.27,8202794.052,7,414994848.5,328060634.8,7,299815394.8,415514.82,14038772.23,4344745.85,31013438.14,121624025.6,281418112.5,92110000
1322761,223533897.7,118597975.8,1364259.69,43041604.35,40000000,17330373.85,154700401.3,184735284.2,31300,3355960.884,7,186337404,4830773.1,7,82481097.43,1096753.702,108122.76,8893113.22,10091614.88,75431250.02,62965885.28,660792003.3
4546270,9990103976,5064552674,101987634.3,297729621.9,2938187082,415923095.8,1101560858,7867673443,121278124.8,52237653.73,7,2607908011,1048542783,7,4872017392,24321791.26,74211635.19,94981959.58,361143314.4,1840240874,2878639411,1464134032
4089079,2295229259,1941131406,105944969,175764917.2,1623149069,14906344.91,56938304.6,333690150.5,15784761.81,6807900.05,7,-524018692.8,212204477.1,7,1468345197,5290.18,1654680.758,7394248.33,7767226.95,-121794144.8,1446779696,80000000
3975089,124817328,416902399.3,1096670.4,130801900.1,2660566247,7037255.81,90814261.04,227480066.7,5196308.92,-39889069.74,7,-803620514.2,10076754.07,7,95867756.85,18094003.25,51556471.72,3957476.18,12072684.21,-452173163.2,91067756.92,20000000
3347127,2243545642,1607583269,1211724817,517361101.3,3797114147,448694498.7,91837372.6,7663521570,400082217.3,-62754804.64,7,-1156527857,379786578.7,7,5904319625,-117630099.4,51599637.01,216451641.3,458002392.8,-3764160557,4877184561,96809750
584231,1742093893,180824256.5,70737569.21,258135662.2,92971213.04,360815351.3,1313520,617513329.5,110409627.3,12830375.98,7,2718294744,199286211.6,7,1245917501,2819271.104,36798041.11,679040.26,96309678.75,953206718.6,1242921760,12610000
1716932,1478041023,390944096.8,86012395.46,2203281538,7407208802,438681541.8,101992134.8,5672093426,211913500,36139364.04,7,5117992903,364071248.3,7,40618921736,39973057.15,18275519.24,71448904.16,22944543.5,2127587508,39376899096,3832652465
1236021,11950287044,11065684864,334816160.7,410249536.4,8643521959,29904514.79,660072816.2,1423948760,165743346.2,41171309.53,7,86846054.94,202261532.3,7,3767012115,-1918212.2,24886876.52,11663016.11,121723.16,142998215.9,3119388017,911287000
3963927,2630550523,2133023316,334519327.6,785313583,4332348000,124234681.4,14343081.76,1771388518,142908179.2,-8223722.48,7,990333373.1,406266259.3,7,4565496244,-7886502.39,2382972.4,389778903.8,168780892.3,-1401481254,4359990022,1150488900
2080577,2611753209,747189301.2,17221603.54,308739251.8,13500000,517673268.4,3395223876,8120030102,21064619.27,25112516.26,7,5176157181,145503636.6,7,1158685611,72523327.47,10771548.18,9148452.39,370000233.1,1630056078,765041744,1962519693
3930019,3605090213,2722346747,1308616533,409902675.3,3513795509,173411853.6,1028391.2,6688811048,8670370,-1637122.37,7,296206748.5,134733150.2,7,5300561321,30399895.17,3984464.92,133540066,5624218.78,-2339952578,4857078472,100000
2749796,13131537520,12418671866,50104459.96,263631529.2,9155827730,18439443.65,522213491.1,2617971840,9947851.15,17768325.31,7,914762505.5,173185723.8,7,1822788031,-13667.96,14056800.74,26347070.18,1422107.914,253917420.5,1803711526,10000000
1882387,8453207047,5735398893,247731111.4,257327223.1,2594737593,46168128.26,20042435.43,4044634817,17282018.87,228286240.1,7,1714837867,760774562.3,7,5611820432,38260570.31,11636048.28,156762160.9,9086683.2,771174965.9,4278352208,4655390.38
2630093,2829448782,1563098260,97188397.28,346224433.9,23840000,412401685.1,3304606337,6186923818,542385235.9,-976483.42,7,3747626524,2052032.9,7,2010754840,332205794.8,44302277.17,85610204.68,128712963.5,1112528936,1955561037,3406275000
686427,611431097.9,472142378.9,364609966.9,339279774.2,20850000,33769220.36,76263708.72,348122698.2,8645947.594,210432.58,7,-2300500100,22404253.54,7,187600125.3,1228483.01,2382079.698,39592639.95,70311533.76,140036887.1,178863587.2,8467345000
346504,1181850817,1018596258,42024188.92,1013542147,871736222.9,41070532.78,19446275.43,2785529278,58435992.34,6271181.92,7,-842917640.4,28209208.02,7,5455367022,30111835.27,90106807.59,165015654.5,957952.18,-1247423933,3220870456,2970264
1553454,2485724600,2127475822,2747290.33,111024150,110570156.2,42053024.73,477886617.3,451315294.8,139967.44,-4215924.73,7,-1381271558,52183680.29,7,806421962.5,-1087572.14,318532.95,57366202.72,369040.02,12141701.11,803415196.3,634700000
169426,556053770.5,864255543.4,118034236.9,232732188,1232640320,94747669.36,305200000,2377093415,17919300,-3158702.21,7,-104561811.4,60027682.32,7,1218053920,74251521.77,13179444.33,185565949.2,205406025.3,-1049919106,636088510.5,195520000
3118775,1489345076,367691341,42285348.35,144324416.6,137450000,29644289.47,29446098.26,1379277746,11529167.75,12365447.85,7,-211593010.6,606479586.1,7,724310318.4,-1166140.18,11988495.87,21934545.28,2392453.1,-617036038.1,722060318.4,201000000
3569394,2803309288,1500405542,26079640.24,291193700.1,2951208471,138552737.4,248010992.5,4162691421,11123313.42,133687533.3,7,1795964348,81071523.43,7,2011003235,-9767683.63,45717681.16,91476101.29,22309114.8,1089161831,1790692297,1014615035
1633079,705377023.7,394210765,76002256.62,32771201.65,105280747.1,30930203.91,10925713.23,884556729.5,113516492.7,4256726.37,7,-1815994012,383674130.2,7,384460128.5,-2826216.57,1580539.82,1662285.29,78118936.68,-586275871.7,316666271.8,20000000
724809,12500664232,8284740949,1127734126,326240540.3,2380419369,84782321.71,858780471.6,5350180060,1127499.3,1217261.73,7,2079761680,2140684155,7,8258248766,-5105446.79,74035832.53,109416422.5,221042730.4,1177534059,7935590409,769567115.2
2040254,-114856852.4,317448205.1,464815166.9,673377717.1,721018690,32849779.83,72421079.73,181223144.3,13000000,-20088832.26,7,-388257086.9,24015391.31,7,2151326005,-653544.36,23844802.25,56707580.91,74552102.12,-126409824.7,1836588092,246301658.9
3648636,3491336582,1955933854,20712854.28,432661114.6,732669303.2,26928612.04,454531663.8,1741236938,22278298.11,605631.32,7,325105113.9,1153438002,7,1593766614,-77498.98,7029379.91,21394868.37,8996645.13,167857966.2,1441687913,492473680.7
2878912,1438860203,986832735.5,42812251.07,247459506.5,558362000,36961723.01,111411.78,1299082627,13581561.28,335163.99,7,356679864.6,138531844.5,7,1341101287,-388392.22,13500169.08,19498624.83,174633314.1,107509937.7,1303594137,35689228.5
4214318,2138087936,1328097112,270033899.3,247459506.5,92335665.4,37893762.94,2000000,695542193.6,42483798,-32168206.25,7,93520351.52,635538953.5,7,1232326717,12858886.04,82543.32,1861666.57,15926271.97,-24888992.98,1181351359,1100000
311190,1787353342,1602382455,15115584.88,77772060.94,136856583.1,14093626.99,84790153.72,86527402.95,2521590.57,2474117.05,7,175653297.3,58544095.53,7,448741226.4,2205561.38,14165882.09,6740288.14,19494618.53,56949624.42,448741226.4,180200000
2377903,411779890.9,284212843.5,12980973.96,100395119.3,150000000,5836862.82,243627637.7,251003456.5,9857886.162,2860017.484,7,215107036.4,39274574.46,7,610312105.6,1433061.416,1451999.87,11016118.59,160810210.4,9814680.08,561238993,748567285.6
90562,655031758.2,188820087.4,17895665.45,126574665.4,3491200,32215418.62,152925103.3,166074952.8,6389408.91,213990.21,7,146213410,321258704.7,7,96646933.82,1454814.632,2427296.35,4834550.88,191711.6,83422096.45,93999778.5,345000000
3265599,511692670.4,305195145.8,4345526.86,126574665.4,199655700,33859311.61,471015591.4,789414572.2,15618895.62,2587564.268,7,277360459.2,10878732.34,7,324511009.1,24750678.5,8206573.518,7191936.56,446886310.2,114308995.6,321330757.7,100000000
3855310,560373495.9,370393000.9,5125492.76,126574665.4,100400000,28971495.93,1228357.66,293995617.9,1951768.74,790993.57,7,241513271.4,58593110.39,7,287337953.6,33784.354,1803817.94,3651635.96,97667856.4,62009625.55,224063838.7,417863048
1118620,385710340.7,264651345.9,7800346.57,126574665.4,1875000,21828296.72,723273123,136562191.9,43495391.25,-59276.5,7,150135248.2,42375362.46,7,240749730.3,6246032.02,1676717.93,7661792.6,1583049.43,45922093.09,229941850.9,10000000
4723981,3737888402,2938413282,728634122.8,143771760.8,1694008980,107069890,62445264.94,123112188.8,38899335.73,1477379.41,7,1128882880,295912107.1,7,1580166746,841238.26,1936736.36,48936346.94,9800812.246,388700001.9,1580166746,40000000
171794,10173017103,7345228448,74405203.41,285835481.7,804880000,96356765.47,1679350881,756282023.4,18371139.87,19825320.31,7,844025239.9,2297823860,7,2946360655,483904.69,104912.01,14148553.87,163428213.4,307219930.4,2659806169,2556556897
4568230,1888462430,1160048395,19757241.5,84335118.76,655296115.2,115747083.6,733789815.2,195651748.6,25038344,-12877871.22,7,654255716.7,393163791.4,7,1001540469,-7914105.01,22139987.28,3357576.22,24762978.31,243620533.2,985260468.7,2052000000
73724,622973286,90152384,14309228,75787885.66,342171770,59328110,49847510.47,360476078,712838,992067.462,7,370284924,305389543,7,417136767,8733351.09,35637183.99,11193409,46905565.76,143761182,414368181,2411910000
113472,234084126.4,119589520.3,273444.31,43041604.35,123072397.6,23043295.83,154700401.3,154078263.3,4946276.84,38731.04,7,204995939.2,4100825.44,7,150428887.5,1096753.702,1386741.958,18377766.45,1299754.26,72297203.61,150428887.5,629814676
4930587,912126929.3,541646501.6,11550615.67,11635028.52,851375.62,27027028.5,336082930.1,97046093.79,11359557.96,1030540.984,7,428815373.4,9532099.89,7,641307554.1,7064012.404,9137389.41,3082888.4,45845111.88,343679142.6,632170164.7,1520000000
4933191,1379843874,848191206.8,5296693.83,74243282.82,43535209.19,16594419.31,71767786.1,203584965.2,14961522.73,8182320.794,7,228802987.5,372798687.3,7,447117268.9,-9335.89,429788.91,4022082.81,153427713.2,131666081.5,351839228.7,50000
315965,1.91E+11,1.21E+11,8493624105,2817423214,1.24E+12,1.26E+11,2477000000,1.61375E+11,1612033805,595000000,7,1.71E+11,5597076092,7,6.44E+12,171000000,634000000,45532000000,1834164580,69817000000,2.43487E+11,1.42E+12
4041174,1.8E+11,1.16E+11,8793024847,2817423214,9.95E+11,45162000000,3722237400,1.7644E+11,1589351361,1105000000,7,2.19E+11,9732335063,7,6.15E+12,6875800000,125000000,36050000000,1834164580,64738000000,2.47287E+11,1.37E+12
190745,43139697642,26128905191,129069293.5,2817423214,1.18E+11,8682886571,5896648.67,1.61882E+11,1594184203,419826728,7,60104047193,3034703287,7,6.26E+11,801121105.2,2843995358,5241489040,596333334.3,16994636082,2.30687E+11,382166666.7
3465817,2.7E+11,1.53E+11,8793024847,2817423214,5.63E+11,62291000000,3674717200,1.7644E+11,1589351361,556000000,7,3.22E+11,9732335063,7,6.8E+12,1723000000,956000000,65151000000,1834164580,1.17E+11,2.47287E+11,9.04E+11
4593951,3874245058,3199654143,117125600,382613264.2,665773626.2,330606382.7,32000000,1802439692,7377876.11,-24651140.58,7,1872645177,96994848.13,7,5145129418,19083121.53,103122443,98237498.25,5783836.67,327269873,5009358773,383790.85
1221035,101418095.5,24403545.81,21936263.5,64949308.71,253653668.8,383378959.5,170049629.5,1502590642,98605207.42,-1171328.734,7,2196822525,27578641.05,7,523834583.2,22174134.51,127916722.2,8919592.77,35177686.46,1423864570,391916144.3,1563048490
4577519,2201133811,501270483.8,126560,59084004.36,34617396.4,192318522.3,11341040,1403575755,108228413.6,80713.46,7,1767814334,11919285.51,7,1210445774,-17761765.01,37517365.47,72667187.76,60709076.08,998126515.8,864579375.1,248591323.3
825566,62248468915,60372437618,2919790919,1621601505,5705095076,969212486.5,38672012.38,3346840735,15203618.43,-3783489.14,7,-2087394061,311051237,7,13921291377,-34812244.49,129196.34,941111346.6,127939824.5,265787423.3,13497099530,3570742335
4494153,668103209.1,636792221.5,128997937.7,3046746728,40700204001,418819117.6,10165464613,29734727072,54560639.39,532582456.2,7,10616671838,785275279.6,7,1.35E+11,141579780.5,67330921.44,488539459.9,521863210.5,4714548466,1.02E+11,38060000
1269286,170898790.1,158191486.2,625729.14,113276889.1,345956220,24944904.04,211056930.4,26011278.43,34964790.83,65567.526,7,-326471779.9,7296380.18,7,119282024,438034.334,4811486.9,25510664.48,11829292.75,-11534797.82,118912758.8,722290349.5
245896,855821413.2,634718197.9,79749107.07,69221150.52,164897025.1,163935720.3,97635826.04,591558668.3,12062395.88,5531627.61,7,420455647.5,33948368.12,7,351493366.6,-750353.29,13473062.13,61233893.27,1843347.74,130656788.7,351493366.6,630560000
42805,4499630609,3634479278,213079964.3,545312302.6,630922269.4,254545338.9,380927302.7,2720797726,67448610.06,10519310.36,7,2747025848,282602239.7,7,2420744505,-5552418.168,19062646.4,18336316.32,733996696.8,219347113,1976135331,39006000
1235821,459493788.7,383417294.7,38069005.18,52194420.04,147000000,366948311.4,50729977.34,2434875397,76397083.88,7312254.34,7,1710802105,12676383.45,7,19055152961,7123975.34,36121306.43,143720754.6,7852280.16,30387390.95,17288361225,100000
4099698,4349514734,2697059807,642519905,768524899.6,7226488650,1118710113,1309044980,12393227153,106283804.7,-476822.47,7,6459920121,287174510,7,29362617957,-2291326.02,85852022.55,308381799.5,179473822.4,1705700837,20069852882,800000000
382733,10843890231,9820363823,92623448.39,560056441.3,4115932765,505070056.8,4617410562,12323569741,792834290.7,164770597.9,7,5966888145,281751792.3,7,9684739533,97350426.5,1018600368,275010287.3,425049290.1,1185347137,7203377742,3078975285
2379742,3997161585,4915205252,3396466114,546931121.6,1298636393,173573853.4,13608389.68,941097140.7,110529294.5,-4049194.05,7,-2523299923,241694547.9,7,9211099173,-5389323.34,418540395.5,60899239.69,77794246.26,-2650285059,8791989564,1652791935
4455639,4297028434,3955129799,225974009.6,272631001.7,270458853.7,148990717.7,146966459.4,1787324646,3500000,-26171884.02,7,451572049.3,228462682.7,7,1797518422,5536440.91,173913368.3,30188783.32,157582492.7,56236053.01,1505471328,8713496.44
1537309,1782335445,1388321288,704824301.5,793650469.1,6178848010,12108604.09,2844681077,6793629073,1060662150,-173449102.3,7,530324653.7,78643083.52,7,5814067635,-153755305.1,76217635.52,53623739.84,216876871.7,-35015183.74,3469652612,2200000
1857999,152844045.3,66401620.1,29062.59,67405789.42,7999537.95,84172640.73,78000000,2363666245,1456300,18316578.31,7,-783696976.1,17748687.56,7,2357282094,43982368.29,971184.57,9584652.22,186507017.3,-51617559.73,607453671.1,152092940.2
3882889,3.37E+11,3.15E+11,16501195309,2900030853,1.13E+11,1299544270,7980937617,27201170561,143808649.1,3287338854,7,24175805289,7760860216,7,2.29E+11,200943732.2,849624979.1,4932289536,362351946.8,11054970114,1.66E+11,9513186429
319145,234411106.1,50282872.29,1732643.18,886966393.2,7598316925,29574390.68,1309044980,10135348149,80162169.85,3571706.54,7,-777170593.8,1190418.96,7,29592836154,-8122625.12,77219908.29,239358241.6,29104311.67,450935747.1,20512812814,3326287000
511466,40256607815,37378693581,1240608364,1239869235,12375534495,242848252.9,405874659.6,6738153740,134897213.6,-70736.02,7,3241544096,1822880581,7,16423085596,107876637,68612940.7,18578172.09,557947244.1,467394880.3,16423085596,4461591940
85820,10452454057,10070867885,38458428.35,354394447.6,52000000,66188295.84,1488518256,1253677871,14522729.34,6307990.22,7,721707039.8,52780869.1,7,539337509.1,-1028667.608,2845171.52,12681326.39,246899201.3,121432249.3,399548251,12326148532
1644570,2314493553,1441868522,77748877.51,126311484.8,110400000,88997191.96,6411006.234,1913242833,7838730.16,-1228910.34,7,1562200442,299659320.1,7,1283031518,-552588.16,11263220.43,1156539.43,191259697.6,373782949.3,977343735,292840000
795130,439164777.3,358890609.6,9048362.71,130801900.1,106504221.1,41669437.62,242373549.9,759752044.6,41434293.25,-119930084.5,7,-444027940.7,37649905.63,7,477225651.3,1348033.17,6296795.48,608855.53,16615097.79,-395427504.7,458615862.8,331845261.3
4710457,13924604.04,3221766.48,760581.36,342266250.3,408505959,58660627.29,203876305.5,959695314.5,41484135.3,-514187.61,7,-687934233.1,3945791.48,7,1036717059,1809709.24,5509788.864,15684710.84,100443367,-85199917.43,830645410.7,151029234.4
301092,905235424.2,868998838.7,20505622.03,321969900.2,879064877.7,105696777.8,105716187.5,1592397124,21584639.35,-189715.56,7,197900016.5,10534510.92,7,1218209646,117879560.3,79329690.32,2828889.77,54776271.63,108978944.8,1134783811,25000000.88
4548709,870398325.6,675949548.6,979086.73,126574665.4,177549029.6,53556841.21,1626180.53,498757456.8,12295572.44,-301098.99,7,161369101.2,90076487.54,7,520469182.9,-962562,16987862.47,24643891.02,26817735.76,32983137.31,295206686,293298265.8
1452516,17692484825,16711571280,3182965758,484578830.9,502502049.2,228990762.7,31272070.49,3963765701,194470000,74684204.36,7,1499224796,559846326,7,10197404983,2046116.16,402134110.8,170201910.9,170000,236367785.5,9561009407,10397583224
1818571,8103013048,6490098516,50396857.39,1017059943,5118280000,333843082.8,327488910.9,5239656662,81305325.96,-7479239.35,7,-708360197,393120968.7,7,14385595743,-11877772.53,60005571.61,214869876.9,1276914.95,-544128061.7,13479582810,435417639.5
4078130,4621763768,4131180210,768584531.6,48750448.55,615930425.5,197555893.9,389892927.8,1357943850,35538141.42,40346027.44,7,1000568161,245719714,7,2690388298,124406.58,268673883.1,16889603.59,357586.21,404577455.4,2421714415,756044.72
628392,17019630529,19312165980,42898954.53,2059586415,15232561212,374075524.1,50791756425,23659853229,385783398.5,-1337706773,7,2825646394,387010271.6,7,75734046036,978681913.3,794600283.1,37288522.37,243123376.9,-2794630962,43110139686,17317703939
4853326,1.7E+11,1.54E+11,25491909287,2415749166,62154721619,578877490.7,601118414.4,55633673363,1912496894,714514145.2,7,16527200581,5355282646,7,97314975519,195001925.5,1975649990,378558605,152111515.1,4547025188,80319184118,20000000
3573410,995847583.5,823185130.5,10941910.41,356487220.2,1762000000,18813049.91,84597673.22,1312673541,22929763.52,53277.63,7,-485386808,14915187.83,7,1501895764,23103725.14,25244285.49,1048493.93,50633901.66,-95720064.76,1494225321,283228899.9
580788,517512973,81750195.69,4759407.26,595592572.6,393035824.8,73132481.78,193663746.5,3554658886,2114100,106392819.3,7,320415114.5,550568.73,7,2998509159,29948524.38,19157992.56,33076792.76,332051321,214254185.3,1700123102,300073228.2
3088559,9362157249,8185589670,633580203.3,161972043.4,2028119901,271173118.6,1963840059,3492912946,3206019.35,8197169.69,7,1429744978,390814750.1,7,2449114393,10700015.94,230836544,21247382.31,3949344.42,341165821.8,2061490695,426526033
3128340,52162141218,48221226215,2518440645,920685368.6,13773118982,181360015.9,18500000,8541347687,7154683.02,7078630.96,7,5437362527,743176350.3,7,27629137777,-95653168.53,387655660.4,495747267.4,73533130.72,702471462.7,24417491227,110000000
1384818,5587983514,2649029584,319329262.7,305047184.1,1991319483,342853097,3250221156,3857677137,38315327.25,-5945506.99,7,1832435981,1667874897,7,3474682395,-142748.17,21943813.16,70105671.09,431753146.5,561606337.3,2643698683,529343548.7
4225347,11992725179,9314299129,87172571.32,309693495.6,3885121400,143690500.4,617572348.6,3682177738,132845832.2,107554.12,7,252307973.1,2209474939,7,6782101022,75661403.37,42632482.48,138133964.5,6807489.93,92843742.98,6650293031,547403357.2
1127376,3488837437,2382718117,557729699.8,2203281538,13185009931,1100648040,103620144.8,8881971732,113795997.2,-77498781.49,7,2771469583,287174510,7,46293216845,269680797.8,102557630.9,359509156.5,179473822.4,1099186656,24407650486,683759158.7
1382824,1186105451,265113912.9,17510733.26,211493592.2,418701875,279503980.6,338427012.9,3947108158,2589060000,229810637,7,3118147753,107999957.9,7,1160223704,11024495.93,63752035.4,27233253.08,180854342.8,797609430.4,826471669.1,466610000
1868818,5228325330,4327365306,237410639.4,299052992.6,891713279,187568235.4,51666132,2680565113,75792668.07,16494181.54,7,503293811.6,263708771.3,7,3089167651,-20972434.02,11915473.9,10972696.62,271901779.2,181099804.7,1605198202,4000000
4198575,11959630453,11456121759,849206792.1,188208342.9,3717411000,176628688.5,480306429.7,1619032406,51133404.82,-40954509.81,7,1175136173,54478111.94,7,1349813044,9148804.66,5689487.4,17782932.96,834422.58,494641236.8,1119956890,3573775711
901368,6364706089,6354914703,41332602.64,3455607551,7732823265,930950908.6,56839.69,59222144764,1047272631,515454733.3,7,5994912131,43859117.44,7,89008086947,148223117.8,78692045.54,1576726022,566993667.5,4552832294,73519275514,18839924240
2952803,44644476404,40736871644,282959217.9,1288328638,888909350,607475648.4,442128741,2517644201,101324620,276578223.9,7,6803705784,1048411619,7,12034888501,227890351.8,46432922.28,106993274.9,12116297.19,2426557229,11603287005,900000
2892094,5176808061,4461955439,119015616.8,1219599342,1867586192,886968903.2,1432269665,8638222423,614185400,-489458.56,7,4331678725,242510086.1,7,16524353521,2566125.02,114555096.4,244953035.8,32075855.63,52084519.83,14224244887,26961043.41
2855085,20575131654,16400649684,1670663264,2687852389,1649054576,695291602,3145033791,10831725414,1304364610,9932413.84,7,8605367861,429826001.8,7,19989918601,129104794.2,52020232.18,202278590,642096861.8,1862902440,19071193842,193250000
518127,251153525.2,204203575,7041389.46,130801900.1,633521560.6,33994377.93,304565095.9,287564630.1,20511500,-5471689.408,7,-440849677.6,28508214.24,7,104438857.5,-1466496.84,11566060.55,1399613.44,11018484.66,10411565.96,104438857.5,58000000
759602,37657160814,29361001330,1292775923,1379304487,14750605439,223555526.5,2000000000,28530754388,1415153585,407146935.2,7,683534846.2,1018294279,7,32840198138,2070315.5,7049935.48,106596182.5,3682961201,2518565265,23095273905,80000000
4690399,6471221684,5708222276,244570994.3,97336996.33,749529233.2,223077927.3,27665771.19,1695268070,145524385.8,-8088343.52,7,2679770098,221294125.4,7,2186046408,4104478.29,1367447.48,18825405.48,9474861.36,239344329.8,2081566538,620286595
3262635,422318298.9,272495942.6,138386820.8,104622353.9,50000000,45910432.29,121661953.1,346582814.3,34929709.88,-24170038.96,7,-726486400.9,21354967.66,7,243596948.1,-1038012.822,444452.33,31737100.04,43244074.18,-880504982.4,198713959.1,407251364
1201147,135872200,84790992.37,496776.48,100186249.2,90000000,17331928.86,215367749,18212714.91,9939985.598,1.52,7,-120323924.3,13882507.82,7,173359776.6,1469636.156,11566060.55,1905026.66,11018484.66,-67612343.6,173359776.6,215141869.1
1691886,120284870.6,55849172.4,138455.8,111298479.1,184000000,84275304.76,49847510.47,121657311.3,2560716.476,992067.462,7,212524737.5,2745363.75,7,57450373.97,-559531.08,33811316.45,338732.87,46905565.76,30784076.09,57450373.97,2161510000
1514775,146867529.2,85722658.33,6909468.24,640087020.6,5934552271,337976930,75992306.69,1239296743,1400000,-48793945.16,7,3049116143,7060198.72,7,16094020636,22799261.46,11531055.18,257189139.1,25552086.78,30541606.82,13735548875,935131244.8
1537696,14696910392,13361988761,288463632.5,342312414.8,4947651259,765039293.2,451243922.7,6217030272,16235524.7,-136736558.8,7,1030244050,393472567.8,7,6667557099,122981099.1,24736633.9,136573260.1,632855448.6,139058568.9,4093873208,943970975
2871029,1653194104,1151699021,9515314.95,297495844.7,1671177717,382968104.3,830000000,4037733137,34497727.42,570000,7,1829434118,149388423.6,7,2255175886,-16809.84,86119850,57096372.66,6699047.36,49439773.5,2132300582,1168698819
2337116,1698484604,1095246343,62127967.87,596824396.4,11979517845,149113799.8,2971558591,13764980791,152591085.5,1787352.65,7,4277693279,42148345.5,7,15963139787,8598076.06,102134381.8,66118671.1,141600052.3,1850168815,7195533747,33431202048
2175616,15932952.17,14235400.86,526105.354,100395119.3,137413497.3,31804595.23,4000000,39843379.68,1437262.348,-140402.37,7,116066275.1,421940.27,7,177871933.9,2954086.114,7807582.358,5861973.3,31046254.14,18516227.65,177871933.9,701820377.1
1645542,8940850712,6353838385,2603934423,2686673972,16843424417,725638847.6,371160000,16987737671,190561312.6,45807687.35,7,5072507170,271146640.3,7,23940577487,20498886.03,4110953.5,471935726.4,580611428.9,1251081892,17606889289,278257659.7
2417596,7358844181,6791021918,505174908.4,299239675.5,4458668952,101760454.6,697506250.1,3041609009,9449820.432,53352250.57,7,-411115787.6,169530903.5,7,4946009283,21711715.64,28100839.1,9438230.45,6193672.26,-164931911,3526560848,659746985.2
2739675,42912228078,31400217678,637146758.1,4109815223,9453047473,1793843980,44158680.75,35659895873,574633632.4,697937042.2,7,13067904851,1524357173,7,63402000863,72523452.51,2988997918,1761473748,354504883.2,5406086808,44551907934,7706110998
4117272,2391323311,1407775801,108413833.8,101262011,58167539.7,65625271.16,499552.05,1142658406,66301987.59,-46041196.12,7,244351258.7,596547475.7,7,1711017211,-16607179.46,2405000,20829765,2180235.14,41296031.22,1691517888,122859451.9
350818,4064446292,3606703897,454336259.7,645946628.6,4047328645,8966292.51,13608389.68,1976248537,14546612.79,-533923455.2,7,-2851795538,154975799.4,7,5857086665,2473038.67,49932930.7,20044462.08,31727263.81,-1348095843,5571536821,793375748.6
2829669,9501849859,4743595280,835602506.5,517608008.1,2137893577,438921702.9,531061574.3,14441000694,1133865813,172575691.4,7,3278662698,703757498.3,7,6829542274,5288497.12,230660788.1,495419143.8,174042410.5,2344723276,6266405366,1128100000
149266,4100058390,3200542966,37297120.11,504570542.3,3671175727,204024010.2,2832813602,4686244209,131211532.8,-704880.63,7,1436748913,337514760,7,6003687421,2595030.91,92668148.93,82998151.68,3023486.6,452300739.3,3043101834,1458400000
3120988,21887874447,16118794546,252553696.2,709687714.8,1009650000,968830981.3,2951858179,6364499702,171426624.9,70689745.64,7,6548758598,1339525620,7,9684910279,982628.26,187766295.4,400867134.9,35996794.76,1458985771,8508100219,8882000000
1648986,41432671.34,11365014.69,114040.1,100186249.2,46085335.79,77749737.49,215367749,442070146.2,148160402.3,-631659.65,7,-487757655.5,11671832.24,7,148869058.7,3565136.1,18927542.65,2572.4,14303161.9,27598768.59,129941516,280299878.6
2313379,16727313884,12784576594,629825877.6,2531033037,7166100000,79544037.5,2563269656,17135872108,79539696.53,361183944.6,7,2089018200,741548260.8,7,16907894513,-6548978.45,140322280.3,226346334.1,763814176,803461467.6,14517624977,8924064
2759588,3.59E+11,3.49E+11,8856598189,2415749166,89266632738,991103683.5,312027070.2,32196202846,1111612435,1178900209,7,9541567925,2351238779,7,62677481686,232316058.1,511962428.1,880777928,1619357188,4900106693,53715983190,8179123864
4489133,10440600536,5756152521,69335032.33,4043009940,1.34E+11,433663171.1,23866920.61,1.4E+11,5532749527,1660028116,7,11378271092,1912769725,7,2.93E+11,230770810.2,1233006527,1403690869,1892280772,6410997604,1.95E+11,1.02E+11
1500277,84365254640,78890688435,5018515754,1852232886,20508701441,238832616.5,10505256382,12431443538,37586950.97,1011514798,7,1927455809,1589347535,7,31472942673,59700266.49,159295030.4,189870556.5,160801282,1903811903,28727798590,25000000
2250948,1857804074,1506839016,60420115.99,80609337.18,298673810.8,56093862.37,795984247.5,1386705127,15654471.11,16545899.92,7,54518564.33,102714039.4,7,867944307.4,486762.7,4404420.674,11281527.67,99378.45,10062377.82,854318703.7,164434411.7
4142579,37155742319,34698919560,1091324437,2483735471,18007486731,142367237.2,143354823.8,2217788236,11033729.57,84630151.92,7,970177735.2,976560805.3,7,17445574200,-5887305.13,94595141.13,173832878.7,61652010.09,588870201.6,17122313194,500000
2584103,2224147231,1568294585,1411088263,464588333.9,1595013750,72037045.06,170370215.4,5985464486,181790996.8,-17037908.27,7,-401814643.2,81936688.78,7,4624536196,-1206880.62,4103684.6,5119400.75,22350025.72,79074994,2753693240,1073417330
1742897,9944022278,7562531875,29527893.44,271637031.6,229500000,360907796.7,5146505532,1745621846,72231030.68,97106338.21,7,2435353792,891519158,7,2385694129,1822775.25,5333292.47,23877333.87,3123037.04,669838474,2330601657,305873664.9
9063,34535605620,28290780699,1028448339,814779814.1,847759001.2,333348333.4,1684941882,5886894771,63770039.23,38857214.45,7,5191626098,3644198205,7,8689673017,265062363.5,4117830.85,219315362.3,46633660.34,1178847250,8386633822,300000000
119796,99167567.44,24300588.74,1104581.94,33815552.09,50130082.84,152974153.2,336637258.6,937515062.3,9589942.702,6540829.46,7,770374962.7,17820407.34,7,281756204.7,9571360.614,162209200,10790.34,17401084.29,-62309398.12,78918366.53,2249370000
3531787,1882506937,1330221026,5472148.57,860072256.5,550000000,254475678.4,61910398.69,1364952471,1310566.03,5609324.582,7,372038125.2,55749890.65,7,2121178871,6275512.358,455154.92,1678445.66,471840,357765065.5,1638723716,250313283.8
3988837,17745555524,15105708835,559987541.6,1488029852,11517084500,824360081.9,487018.64,30653859146,247571456.4,121133126.8,7,12539310494,1201850981,7,16295323496,1467110980,19341953.34,29378847.98,424624632.8,1464046308,10300067889,6281417126
2197151,3.27E+11,3.03E+11,3105128000,2415749166,1733776000,111292000,2452307816,32277278000,488005000,347416000,7,521234000,3941095000,7,1.09E+11,7643000,1839784000,1317211000,461462000,1460560000,87652616000,26110977569
981749,2039782446,1994334270,180809008,108388367.1,253390000,33772345.38,514982961.7,11097913.29,12405568.73,4288955.59,7,-67570104.07,4282367.66,7,216809581.4,284193.224,14165882.09,1945028.66,50104146.9,32121452.92,216809581.4,128050000
3159512,2.18E+11,2.11E+11,7873499567,2415749166,90909621504,666322433.9,2098223036,17429016465,788040131.2,147772015.6,7,8019766655,1822957740,7,61980927739,98374006.81,263435907,1771075731,17925716.29,3372569756,54229648201,14641301766
4849903,7671264812,5615653339,137470981.6,270055837.4,36100000,315841548.1,8359000000,2380379738,25234379.99,17095713.66,7,3944858912,637702467.8,7,3364416247,363823.57,4568401.17,35670017.44,242723059,818782888.3,3227039663,116081908
3648322,1894218317,1021368582,44307513.93,119976500,18265000,24867378.69,10552271.23,2024359359,411413359.5,44697397.94,7,1432589524,11794892.37,7,690142905.5,10292929.38,5475825.52,1023558.3,82392852.65,633388119.4,341439563.7,55340610.5
3129556,1157303262,787731721.6,6138792.83,164713282.9,454177530,78522107.67,382747691.1,1518019630,28223331.28,9239589.64,7,182233029.5,82516232.74,7,935905533.5,2007338.66,4626615.6,3771921.68,53002793.93,47425881.16,642630829.3,404407411.9
2176533,5238605730,3920855473,61221862.2,280249317.1,710000000,108777062.2,243117568.9,3497538556,31385838.46,8668166.9,7,56219208.33,334987793.2,7,4007097158,6223414.48,8757825.35,27428510.94,17317741.19,144238322.4,3055305365,2549396190
346289,222474146.2,159153838,4775601.42,359243554.6,1479000000,192813141.3,670192123.9,4152530364,1214329.37,1474483.42,7,1677897952,13831161.46,7,1995641504,-42914994.22,240726828.1,32266519.45,286472726.7,330433750.1,273078579.2,349008666.5
1359820,7668228197,5993402172,345430686.5,145918473,1747085978,206031465.7,21450000,3812622739,37735336.08,-26253388.99,7,1627400065,1180045498,7,3814199738,-555305.69,39884686.5,30351756.18,51012433.51,211870165.7,3546387162,1542000000
827382,40357723423,39083581078,869794685,1020563691,4279133196,1931869156,440455461.6,10941777860,168653902.4,-48645188.67,7,3536079101,325360091.4,7,8736976450,177680327.7,475650855.2,258703078.7,1012382770,328378480.3,6181887255,10000000
1702948,6400020715,5088029139,101341172,303499048,339281997.5,155415185.6,1654251401,1961972025,763925.17,232030668.8,7,1685737544,385204411.3,7,2178251861,8775373.76,9141280,337942.56,5268434.51,649676017.8,2165034542,700000
991606,0,2481904595,3841540.2,618401960.6,60240000,984876518,1434246854,13561507504,4442519723,-1275331.97,7,-2665612372,300686397.6,7,12454564919,60287356.47,38144537.02,2264985137,10200423.02,-5261870872,11404865129,3611427007
1625847,7297190184,6900556637,30897427.83,266879061.2,510523823.5,53165313.23,427769952.7,662784592.9,75693300.5,14210680.91,7,-1681966248,115220808.9,7,865887896,30820652.42,38822243.78,2772986.17,2134836.23,100804756.7,767002375.9,70080988.51
4729479,1475705853,882537672.7,11085345.56,114216267,410010305,255038333.9,364962702.9,1747519977,105031001.9,-4219612.05,7,1010737043,272999741.8,7,669695719.3,-5939720.49,77938864.96,13525322.61,14322893.11,119815575.6,590237803.6,871040106.4
1429291,1346633734,884885334.2,2761605.23,275130983.1,462333291.3,194408057.6,34829109.12,1557230926,25437137.77,-373041.24,7,799150565.8,407813140,7,1301711314,7963849.4,31118580.93,5649832.31,116772485.2,32390375.92,1270592733,972800000
4564250,50458773218,39925270059,218606843.6,1898876317,4351900794,1458997663,422856618.9,35086430490,213248157.6,-50168239.92,7,8707940684,6412652082,7,33765155247,-13453484.17,1218823770,48571999.02,2069590000,1598108720,23425355356,1377219374
2213764,12233770886,8433182450,372990434.5,874258862.4,3468230179,166674692,2536946095,15670192079,832139686.6,137424577.6,7,2595966085,1117036287,7,11339485687,19497549.59,1773606876,52868295.72,77507832.34,1784984114,6522412650,543224718.4
2319492,8353884452,7333093607,57726753.11,258896476.2,629426448.2,85505924.31,2762584261,474160130.1,23301002.47,-34454.5,7,1181883399,364011069.6,7,3700084947,1032685.764,6233053.578,60490244.3,62163000,361265470.3,3560262271,707490599.9
4018639,1243169488,994359392.3,15720695.98,74243282.82,129765071.8,49821855.31,96577218.27,367391974.2,14961522.73,6719452.908,7,243375800.9,123676508.8,7,484214594.8,20305.62,48131166.24,8323028.31,380071.37,68629026.11,422230117.3,300000
996153,34428641199,21052656015,126592336.9,2817423214,1.59E+11,6935712200,46103069.86,1.61882E+11,1594184203,1017414927,7,36859495813,1787402678,7,4.96E+11,149644491.7,251079237.6,3143085667,591106295.4,13871921017,2.30687E+11,18600321006
735129,74232786.59,31041373.95,3354152.35,126574665.4,64038244.16,102467111.7,248103519.6,1015796416,13247904.31,3301926.18,7,473555594.8,16510149.78,7,113215696.1,103079923,56928302.53,8729018.524,214622.64,98986312.42,55988822.35,1000000
3447608,1009595177,887501015.4,4208700.94,142500157.6,191130464,64483616.1,74181329.44,967341383,10807983.12,19659923.6,7,-109943569.9,33825812.32,7,733197547.3,211735.426,133908347,2350308.37,20435173.01,52552838.18,101694292.3,862000000
4603925,12262096164,9736936615,64361233.71,566639008.1,6040748309,100617374.6,1502840204,8019100243,76923986.58,-15246633.08,7,1499095074,1655572346,7,7727966547,-1820315.43,5297.5,188591838.7,344670445.1,125069306.2,7209058678,242832674.6
2510294,26788840656,21258254115,270620099.3,1212784800,4177378469,1594217363,587779125.2,13026292047,1712954483,-16221248.82,7,4068346908,2919377351,7,12040233599,29467374.55,266675535,84406101.91,45394303.79,1444883928,8473861031,320701950
3442632,2156216693,1480905717,25036167.61,130616551.3,417425300.5,627704273.6,6511719.89,2407660592,1036623.88,3591575.87,7,606682179.4,349965286.6,7,1039369187,-14020.64,12216296.89,19210562.19,3138771.04,33947702.09,906558924.2,1416785.41
3107752,1270596593,1023892879,56469311.9,886966393.2,6747962973,478244062.5,150224306.7,6369085746,93697229.16,-238958.38,7,1791892734,1573400.34,7,27908107199,79306695.69,448711171.2,328962322.7,19923716.52,275428223,23577651225,1430427390
3858320,917638857.9,682039953.2,1036889.5,55498675.68,21000000,194545479.2,1434023853,1147639788,4245191.362,6358803.342,7,1095922762,47750921.5,7,354924140,15063350.84,47402630.33,2574508.04,13287803.05,259810221.3,267514563.5,2113573857
1659674,379436698.6,218992761.8,115057077.8,136419326.1,11107658.29,352247003.1,718500694.2,2100713865,4982212,2802719.71,7,578819959.9,26066444.03,7,290719180.7,12870624.23,89543980.86,46869206.8,935782.32,78902748.51,197669035.1,1250275490
4324912,31118218.35,112876487.5,807348.09,427087243.3,144437238,136317641.9,66985240.69,2182416679,2658030,-2946391.8,7,-1215995821,4118889.45,7,645077759.8,2446727.862,11567630.51,11609225.66,308879346.2,-178113442.8,598388306,206100000
3647025,3065629677,954196678.3,45209335.77,2203281538,2390000000,577265517.4,103593405.7,17328853150,315458330.9,22986582.63,7,3090690631,241717005.4,7,56366374406,127490570.8,29154299.58,540451853.5,176750270.1,2111788000,35590127731,1893578147
4050840,3539711000,2077819000,216436051.3,2959839827,20944174000,5224746000,10172346549,40438187439,517671824.7,2328000,7,828746000,406844537.4,7,1.5E+11,104952000,34383000,850857000,26395000,1452821000,76127048646,36934501000
1826866,3231605382,1738477947,138935499.5,768524899.6,7191793000,547394286.9,1306310590,10130098304,896121135.3,105817896,7,2609141307,287174510,7,37325522781,140907471.5,194609135.3,313246469.2,179473822.4,1482840444,24423854843,277983986.1
711739,9708987194,6863046511,216436051.3,3046746728,24920152320,1839215369,10165491749,40438187439,517671824.7,44534661.14,7,4546698234,406844537.4,7,1.12E+11,53191115.48,320586199.3,912312812.4,897977917.8,2833390074,76127048646,238788364
2611171,44974014000,29295184000,413365521.1,1833761118,5.37E+11,17034028000,239187000,6171992004,187286487.9,341170000,7,35265566000,1541256371,7,1.93E+12,136753436.3,88778477.64,8861428000,468395242.8,15615486000,11201593582,3.44E+12
552886,21408739000,14100166000,5518585373,4080564365,1.53E+11,4616758000,2081839650,1.61882E+11,1594184203,1568401481,7,20109497000,8670050358,7,9.62E+11,7016000,735057856.5,4754876000,327054000,7316278000,2.30687E+11,3.52E+11
2625217,6845299000,3657193000,102873706.1,3758002931,85447365000,2047341000,2115491691,85261779311,1363048855,3546000,7,9991745000,1095014975,7,2.55E+11,158469548.5,313528245.5,1326819000,23317000,3190664000,93199584127,45909439000
426798,19052097314,16300663502,102873706.1,3610290137,70123161896,3445689430,2115845268,61306208264,1509295004,43659092.16,7,6773604054,1095014975,7,2.09E+11,591070224.8,19031249.53,760993782.6,695202511.9,2854530709,1.06217E+11,449465000
1566000,2238937123,1344731095,36655247.27,97288909.14,287000826.1,146641565.2,65744634.99,757841751.1,17760945.71,1143283.9,7,599958556.6,687757279.2,7,720625499,52565539.98,307235.38,52266030.25,90462143.38,99793886.03,698342063.6,502620000
2012999,9068413284,7110482898,218552096,212036863.2,238574865.9,587998013.1,1353152371,5210252130,20568746.14,179120686.7,7,5170080177,186997066,7,4320181930,58992887.55,142503828.1,153701949.9,91299331.06,1701726288,3541253254,3807925000
2291668,35577928016,33386942468,3018991335,2322204473,10969006800,485791540.6,32928016.46,5313766093,127386297.5,162473257.6,7,1849362186,917473698.9,7,18674124059,54750120.72,169518089.6,418900258.8,54354749.12,729700035.3,16339562257,4608273393
4471823,2705396243,1595507305,50940185.79,109219269.5,58474246,295292646.3,735404607.1,642872657.8,29521751.55,-6572074.89,7,1699994071,574459474.8,7,650487442.9,5131313.95,10625643.07,27791704.53,15444762.46,422410909.9,538447509.7,2263061129
3604147,99497077397,90794651206,3181528727,3634301050,26359908808,573371700.8,586079520.5,12245063869,16777032.46,54933599.62,7,6607195123,3135261330,7,49180057555,79431702.18,120260366.2,204521813.1,1144314429,2317448482,45947816863,731327655.2
347960,18708369945,9914221373,102873706.1,2817423214,1.11E+11,5236148008,1793476.9,85261779311,1363048855,30901914.92,7,19256085700,1095014975,7,2.97E+11,882008337.2,485282411.7,826872488.4,551065754.4,8773636251,93199584127,3982079523
151683,32442262000,17503872000,439070643,2144600261,1.76E+11,6114739000,1586000,88763264677,370161874.6,113024000,7,34714965000,952407572.2,7,1.26E+12,516491000,758145880.9,4969406000,1667520000,14893041000,1.58494E+11,1.17E+12
4839163,5993056081,4800935450,47350530.76,292879528.3,567802718,464401699,351070983.6,4774459885,22798918.83,-249533.14,7,1615383653,402370606.9,7,1835360930,4999562.61,32995886.86,67609818.36,467798858,472769463.4,1787334935,3753303207
2479457,9766961004,6204417167,187475705.4,293495809.1,45143087.17,398965132.3,2188278850,4520178467,388138569.7,-2642486.44,7,6076474719,994882404.7,7,5388651336,32242996.61,10277823.82,9944762.71,195543570.8,1540685423,4105135461,2350080000
4385480,13693187802,6528176560,102873706.1,3610290137,1.07E+11,3573327465,186494579.5,61306208264,1509295004,27960196.29,7,17542774261,1095014975,7,2.29E+11,-7605510.94,660873590,963865146.7,695202511.9,7153739969,1.06217E+11,2868984594
3399929,26629808000,14409405000,3421041835,2817423214,2.67E+11,11283588000,46103069.86,1.61882E+11,1594184203,228217000,7,32511728000,8670050358,7,9.4E+11,470955206.7,1245665326,5914297000,175874720.9,12232928000,2.30687E+11,2.43E+11
548401,2765901220,2303638912,13382080.58,136510251.6,200000000,119448309.1,25477747,1765667169,8722198.122,1666606.632,7,450905911.5,163093844.4,7,951803411.4,-1815957.6,161251547.3,711220.61,4055500.08,159500940.4,790551864.1,107662540
3496966,10260858933,6156400319,203879771.7,278179926.4,5466672.72,1044882116,64281597.87,3362032361,170860247,131634349.6,7,6291265499,1450801874,7,7354001525,21542509.41,61530579.42,17791651.04,31388655.42,1438115277,7041836922,1180475690
4088348,4952243605,2718781684,651622439,2203281538,18109473800,917546706,177825405.7,12478527105,113795997.2,2696968.83,7,5284530610,287174510,7,43643711513,613865493,53653517.34,328857996.3,179473822.4,2221925518,23752432700,101500000
2400238,3978691022,3004957030,60374763.27,152764697,221024054.3,135041555.9,72493896.81,1261286313,69930748.91,-2395998.88,7,495602065.4,780244691,7,1385762395,134635.39,2976522.56,8285873.41,36901277.18,205694903.4,1379137283,571726397.6
4320811,6445045000,4167841000,216436051.3,2959839827,30580129000,4116102000,126000,69106208264,465953476.3,114387000,7,2579477000,610265309.4,7,1.67E+11,44000000,288328000,1160680000,114724000,2273346000,68903439230,34232342000
2245829,3846100730,3447643030,651622439,2203281538,15421140000,292289870.8,407956348.9,12478527105,113795997.2,113124097.3,7,2012666644,287174510,7,42413087993,19763682.93,99850963.76,176750717.7,179473822.4,462305275.3,23752432700,2819186697
294006,1.81E+11,1.07E+11,485547875.5,2144600261,1.02E+12,10684000000,14342000000,5713837922,156991745,834000000,7,2.97E+11,952407572.2,7,6.6E+12,205000000,4801400000,40799000000,3463000000,74503000000,10008272147,4.74E+12
4007785,63129000000,37778000000,8493624105,2817423214,3.1E+11,17751000000,102000000,1.61375E+11,1612033805,150000000,7,71431000000,3034703287,7,2.53E+12,141000000,3058690490,18144000000,716046979.9,25147000000,2.43487E+11,3.02E+11
4227211,4509326000,2766394000,340478021.2,1969443346,1.38E+11,892400000,97783379.74,2281174675,15095981.68,25595000,7,3781427000,513926304.8,7,2.31E+11,197787300.5,86125194.23,893872000,274631000,1741631000,5471060090,5.34E+12
1844325,3973389372,2573421224,856837909.3,2203281538,21516068176,1460690829,103593405.7,9559115051,113795997.2,747237.14,7,3668659961,147593359.3,7,57214649469,47353088.33,4175306.78,504345255.3,329104859,1452754418,24975401671,348923000
2622480,29949311773,18489954493,102873706.1,2817423214,1.25E+11,7172530796,2117959236,85261779311,1363048855,414318555,7,41335967216,1787402678,7,4.13E+11,174013400,13762239,1251032372,591106295.4,11444619456,93199584127,82415899595
2277183,2065728508,939050732.2,557729699.8,768524899.6,14967855325,698268827.4,1380490254,8881971732,106283804.7,9949153.8,7,2204930165,287174510,7,31841163154,624277.26,129864193.2,47966223.8,179473822.4,1125397737,24407650486,80000000
4237084,22083480779,20566448612,718159460,1224680610,14561014998,498028139,34933884,13737895350,179894406,-19471995,7,-4366729438,1103168948,7,14336843971,-21769098,127421899,385009900,173863667,294844755,8343113119,20400000
3485392,6.27E+11,3.61E+11,8793024847,2817423214,1.59E+12,1.75E+11,3675579330,1.7644E+11,1589351361,826000000,7,7.41E+11,9732335063,7,2.29E+13,45000000,520000000,1.21E+11,9512093380,2.67E+11,2.47287E+11,2.17E+12
3935391,1.17E+12,9.84E+11,5166561885,4080564365,9.19E+11,12164000000,1451000000,1.59679E+11,1652257848,14958000000,7,4.34E+11,3496179219,7,7.37E+12,23224000000,22282000000,50301000000,1834164580,1.85E+11,2.3383E+11,2.07E+12
1318433,5.56E+11,5.26E+11,11122352051,2900030853,3374000000,12551000000,1667038396,1.25535E+11,739516564,9294000000,7,93939000000,9899596344,7,8.86E+11,12566000000,1486000000,8699000000,1120229769,29780000000,2.34874E+11,2.71E+11
1375828,2.32E+11,1.44E+11,8793024847,2817423214,2.08E+11,2.05E+11,3674717200,1.7644E+11,1589351361,781000000,7,1.77E+11,9732335063,7,9.1E+12,414000000,918000000,24065000000,2609000000,88200000000,2.47287E+11,7.05E+11
562394,1.75E+11,1.61E+11,9364899420,4201472677,53352000000,7357000000,2081839650,1.7644E+11,1589351361,1000000,7,40077000000,9449497534,7,7.95E+11,502000000,298000000,162000000,512290275.3,13221000000,2.47287E+11,2.9E+11
4987872,12441176211,9519951277,659425975.9,293495809.1,2264655000,390267379.3,1935662189,7967292680,734905.98,-84205.92,7,1658813327,1496632453,7,7351903188,358223.98,227553738.8,27081184.94,553991655.5,440567092,6722963503,20000000
3959650,2372526991,2258791740,557729699.8,768524899.6,12265286117,808084288,1380490254,8881971732,106283804.7,16860122.98,7,88232726.32,287174510,7,33072115962,41652088.18,8258284.47,345625693.1,179473822.4,116117612.8,24407650486,126399963.5
2558544,14249535861,11588892970,216436051.3,3046746728,40497572428,1716990955,10174047048,69106208264,465953476.3,152755245.8,7,6978612570,785275279.6,7,1.34E+11,62659898.99,10805777.24,1036594700,789779149.4,2629543131,68903439230,18492303756
1285756,8.55E+11,4.65E+11,8793024847,2817423214,1.29E+12,2.92E+11,3674717200,1.7644E+11,1589351361,1137000000,7,1.37E+12,9732335063,7,2.74E+13,2520000000,1873000000,62536000000,39714000000,3.92E+11,2.47287E+11,2.47E+12
1995193,1619381000,931868000,142891447.4,768524899.6,2660000000,548961098.9,1234812980,8157271752,67981104.65,20390709.51,7,2023126948,243568493.5,7,20352076888,6599000,1163061.86,38149567.97,100484071.8,686485000,16780013213,360210252
79573,683339179.5,251548483.7,7976236.94,312891358,593687310.2,35061708.21,135985870.5,586361386.2,720613.06,-2460.02,7,-1747356619,96558830.06,7,582526744.5,-1762007.75,1826680.36,477334.63,1240324.86,15261714.74,490846161.4,277500000
4742979,5130373463,3794185952,552391976.8,3046746728,30924167576,848900937.3,10180312453,25783583614,374836145.3,-57929328.68,7,3081589048,440924919.6,7,74978852821,73254131.49,4650589.76,620316429.2,243123376.9,1333570864,41915987299,2303024223
3616255,17016938000,10532676000,126592336.9,3678024456,1.68E+11,2021865000,46103069.86,1.61882E+11,1594184203,178310000,7,15278311000,7137875332,7,5.6E+11,294359842.6,1188817774,2561962000,570455075.3,6450422000,2.30687E+11,2.78E+11
4572224,1106517765,915280877.1,17717773.76,105443537.5,51406622.93,127284955.7,3907547.58,1445426350,58547618.88,-9982579.49,7,927715652.6,14008240.16,7,1063981530,14523562.92,59723821.14,36963236.51,27209196.92,157185007.5,925589789.7,1564865000
4056297,3.85E+11,3.57E+11,9364899420,2865882617,9959000000,4835000000,1604950182,1.47096E+11,1623743982,613000000,7,70602000000,9899596344,7,1.35E+12,494000000,2911000000,860000000,523646169.3,27966000000,2.63131E+11,4.17E+11
2509549,1.87E+11,1.6E+11,1937456121,2415749166,40478534519,1667684536,1269232943,38934814486,3267487856,749748307.1,7,21970908120,12855723142,7,87640467566,765185781.6,809599134.5,1222507640,1649896366,6262466649,74607641537,1041387784
4010959,7.45E+11,6.85E+11,9364899420,2965447636,48072000000,75161000000,72226674.46,1.47096E+11,1623743982,727000000,7,1.7E+11,9899596344,7,3.32E+12,9159000000,10330000000,128000000,716046979.9,59795000000,2.63131E+11,1.23E+12
1321412,2.77E+11,2.14E+11,8793024847,2817423214,80560000000,36439000000,3722237400,1.7644E+11,1589351361,103000000,7,1.57E+11,9732335063,7,9.67E+12,5126800000,4983000000,47237000000,1834164580,63745000000,2.47287E+11,9.89E+11
4978991,24863012026,13255077135,102873706.1,2817423214,1.51E+11,5118690488,12463723.62,85261779311,1363048855,55568836.15,7,23178411266,1787402678,7,4.37E+11,2726449357,2566799588,202825303.3,579607354.4,11585965062,93199584127,4872153654
3533787,2907667568,1908697781,651622439,886966393.2,13080620000,367750855.1,1325936464,12478527105,106283804.7,1808828.94,7,1338573793,287174510,7,35573925569,67882439.05,42631816.32,210868646.8,179473822.4,1015408205,23752432700,13358382891
4763536,10057362379,7211203480,216436051.3,3046746728,40558973139,2971443494,12236550309,40438187439,517671824.7,126143414.8,7,9785174730,785275279.6,7,1.55E+11,75487451.47,128461905.8,1618157267,811325711.9,1218853745,76127048646,11296088877
2142403,8842457724,5459861694,58181516.9,404773243.7,3000000,792353770.2,61455393.92,6239302124,121821923.2,-14382337.01,7,3629232391,1119679106,7,6204537146,81036355.76,54883601.32,16124167.44,626686549.7,1148837299,5737649721,1942738561
4398314,1.33E+11,87509000000,8793024847,2817423214,34959000000,26245000000,854154600,1.7644E+11,1589351361,87000000,7,1.2E+11,9732335063,7,4.35E+12,2259200000,2411000000,16306000000,716046979.9,45163000000,2.47287E+11,7.67E+11
2856759,12725060000,6491177000,126592336.9,4153013274,1.98E+11,3269927000,46103069.86,1.61882E+11,1594184203,4853000,7,15103852000,716346148.9,7,5.23E+11,67444000,1381728590,2880949000,154358000,6227378000,2.30687E+11,1.44E+11
723151,2508101676,1746182494,209568631.1,258135662.2,381632351,227624571.2,8477000,739814259.7,98178703.5,-3228043.43,7,2106302792,134556641.8,7,1633219951,1547495.488,7292603.98,1767604.78,29806333.41,469740198.6,1455625059,718060380
4037110,4675227000,3035072000,102873706.1,3758002931,56381003000,1597922000,2180086572,69106208264,465953476.3,79815850.12,7,2284154000,789160398.6,7,1.88E+11,92441000,80150000,1212881000,11650000,1651907000,68903439230,57004863000
2608063,5659478638,4364298969,856837909.3,2465568277,22320589811,557085785.8,103593405.7,9559115051,113795997.2,9891596.1,7,4674615976,147593359.3,7,52548381570,999476.56,78034685.24,197033603,329104859,1288802432,24975401671,5146075776
442497,17040817296,10191546075,102873706.1,3610290137,42268560858,6083975483,10365177480,85261779311,1363048855,21715409.22,7,18915913293,1095014975,7,2.44E+11,10886467.81,261392439.4,99832078.83,596108869.8,6830129353,93199584127,1276264865
2010841,6525318525,4599904965,78481759.31,376776876.8,338740795.5,207276930.4,321613.7,6129307670,12843594.62,8720040.12,7,3125119778,738521474.4,7,4507701173,1278745.59,112393758.7,681240.36,679641950.4,746728886.7,3774911318,970828485.9
2828717,6594941981,5489422214,184487502.7,3046746728,28509685.65,1463783728,10170897024,33437891039,377956080.6,-24725145.2,7,8467775867,406844537.4,7,97114809391,271213097.7,6265273.27,431637049.2,338484485.5,1129262131,63602428465,63101689428
195183,46363909000,31712028000,1528551339,2229288121,2.4E+11,7294000000,2969509635,11307744459,173234942,218219000,7,28985000000,1753495536,7,1.67E+12,199116005.2,438475057.2,11831000000,318461032.7,14680413000,29593784897,3.72E+12
4638326,12585443624,7891985385,348990622.3,550441321.6,128950000,1882929526,1375985605,8462905075,22173140.69,70189600.6,7,6529453614,1703582118,7,9266913930,29725575.74,91736.25,32078338.3,1367916227,1443113612,8178245443,2296332933
2998841,7.06E+11,3.79E+11,8793024847,2817423214,84077000000,2.49E+11,3675579330,1.7644E+11,1589351361,2489000000,7,1.12E+12,9732335063,7,2.32E+13,249000000,457000000,72314000000,9512093380,3.27E+11,2.47287E+11,1.96E+12
3627250,6314649832,4264349562,180029606.8,657130876.8,308507000,125977118.7,1317355749,3187857658,258854329.4,39154178.54,7,3656833857,498132336,7,5497396596,1297507.94,14060490.18,62906883.56,346925603.2,792466841.9,3698170247,11100000000
4552829,5.49E+11,3E+11,8793024847,2817423214,1.13E+12,1.75E+11,3722237400,1.7644E+11,1589351361,14486000000,7,7.77E+11,9732335063,7,2.08E+13,1057000000,5452000000,44029000000,9512093380,2.51E+11,2.47287E+11,3.09E+12
860172,2201777266,1247359530,129346821.4,768524899.6,6565910000,404325700.9,133695.2,9482654698,67981104.65,5334144.45,7,1618859348,164078248.7,7,24853738942,23359298.75,93786367.64,100470145.3,65443501.27,946106634.3,20006147269,80000000
3348662,15755274600,10186114600,102873706.1,2817423214,1.02E+11,736558479,2115491691,85261779311,1363048855,9107500,7,11780607940,1095014975,7,2.96E+11,60403100,361389177,1089945732,551065754.4,5301631700,93199584127,39902385300
1072831,14668044000,8318894000,920397986,2229288121,1.41E+11,3020640000,3177272235,6456108907,91018739.27,197458000,7,17506188000,1296391005,7,5.2E+11,197787300.5,72429138.35,2766653000,227530130.6,6355551000,13505073433,7.42E+11
61094,1.88E+11,1.31E+11,9364899420,2965447636,6.26E+11,39009000000,3722237400,1.59696E+11,1527536361,979000000,7,2.03E+11,9449345606,7,6.22E+12,102000000,10000000,32095000000,1834164580,56545000000,2.40617E+11,2.19E+12
2133570,2710639546,2100797438,71268777.17,168312262.9,16210222.73,184966924.3,441335228.4,1568589024,20735787.86,1897731.94,7,1003160434,225884675.1,7,1401544113,-1718251.84,40627398.37,669341.94,375024242,150611203,1308033025,360276077.7
2486706,13497955666,13410751603,422876037.9,263631529.2,4173338082,38310495.94,1171616649,1832998128,288679.24,-1100237.85,7,172896304.7,15628343.2,7,1918581106,2677319.964,46074127.32,6313063.41,3878607.83,9474245.97,1867733703,4557930025
172332,1897855080,1519925220,79074429.91,247459506.5,624235900,8081995.66,10936517.35,1197889469,41567089.83,-10241636.57,7,285385029,257302428.6,7,1213902494,9783123.408,744557.21,15437374.49,7940529.52,23515441.94,1204753397,10000000
4589754,9537526165,9421724004,326424053.2,755504383.4,1061447286,72355209.32,6781520485,8898343532,139845477.4,76931.83,7,783836814.5,1523823622,7,11609722977,38596610.49,13686650.7,17030485.29,86470720.18,114333007.1,6489398592,808502738.9
1556835,925324579.7,503783579.6,236796365.6,75787885.66,191448.89,67654000,75112.32,137275980.1,692385.84,3775338.07,7,738644729.9,107750942.8,7,156506614.3,8680576.61,33941380.28,6901653.97,43577374.67,320508168.2,156332272.1,3110633500
2640985,4403258990,3596381888,91880202.45,272631001.7,438700000,41223431.59,24086750,3065372317,38862542.22,5770914.046,7,661672644.3,473382991.1,7,2430618043,-3457014.14,62386062.81,7218439.82,15895132.59,43149993.84,2160569967,37800000
383406,2813589130,2232489637,30285321.63,223583931.7,329344427.5,146851653.3,506003786.1,1821305901,108961539.3,2432006.878,7,1032450709,100584547.9,7,1063049585,-946911.34,5852260.686,498232.08,50855016.53,408712866,841726136.6,2882070000
4561466,7051950183,5136604412,239814601.3,289225567.7,3342966286,50135121.71,148108899.9,3395927714,7012039.17,201591987.5,7,1157645221,601182640,7,5516456369,125879003.4,7509465.93,84018002.57,25478368.95,685692935.7,5214141015,1227068768
2063498,4936252782,3953210736,5834372.58,272631001.7,200000000,177071932.4,389892927.8,3408282270,26943045.86,3502.21,7,808508996.7,583944933.5,7,2152435231,844128.46,102032450.8,54640814.95,671142.45,236393046.5,1583519697,1372621113
1691956,6473254535,2563728710,31545044.1,475823925.6,70525667.96,228325829.5,524663786.1,1357553434,107409862,354.64,7,4590255867,528121645.3,7,1409358145,1470201.962,16453940.75,48818704.33,120258499.8,2523753181,1380722167,11508230756
4319458,2460365116,1692093686,56347913.5,110598038.7,200459350,25984798.74,514982961.7,272601447.9,10531454.22,15705054.44,7,462084052.1,488008584.2,7,578716106.5,13512859.26,1293920.15,25377044.26,14105155.28,227045501.5,577422186.3,0
191292,11141165082,6742559626,96924177.88,314319353.2,1102700000,171265838.1,1171282.62,3203884482,102038375.9,-6119116.11,7,1968453025,2898827870,7,4340224505,-89773.12,18794806.99,38377482.73,181617566.7,919497557.4,4002840962,2469964000
4038219,906922538.3,717666167.4,2355693.96,125972908.8,946206711.1,34299144.72,21776213.98,729138949.4,117345.13,-4761.31,7,290620285.6,57093174.11,7,1184143537,-5571.48,20678254.28,10895647.32,48906276.57,34150738.41,792652705.8,349600000
145779,3520840000,2518321000,216436051.3,3046746728,25248189000,3233637000,10165464613,40438187439,517671824.7,1800000,7,1201934000,406844537.4,7,1.14E+11,82776924.79,117577415.4,599510000,589188000,1004126000,76127048646,24665008000
1657555,816914321.7,605866188,3067701.24,126574665.4,151051304.5,15946139.79,13905960,238287348.9,9372385.3,3467371.65,7,86084993.57,130950366.5,7,241033654.9,1230773.57,4998077.71,34934934.24,19525547.61,20075375.07,239416154.9,6760498.48
1175284,1940146689,1567891745,26324184.45,87261856.11,141240000,62049514.35,624781.92,640884819.4,22590361.15,-21351.37,7,444056327.2,118538939.4,7,330596143.6,10945143.18,14141371.38,191612.91,39723512.05,216475287.8,330596143.6,80000000
4745287,1114188921,539973862.3,8494238.02,398674731.4,930785606.5,236258044.7,65823277.17,3069450271,111048666.1,10338399.96,7,547731070.3,57017520.23,7,2307877168,-1701259.46,11382154.18,142278.95,548267950.5,346605748.9,1729696075,7944700
2641163,3210228497,2149768792,16109009.28,250398459.2,445000000,136270107.9,506003786.1,1931184170,89950746.6,17246316.26,7,1956872380,302629981.7,7,1220885474,7781844.94,16528426.06,38400223.75,232606523.7,419246276.8,1061390888,3977916471
1094931,2029915182,1446685274,7897803.88,301049072.9,450000,76625510.21,1910000000,395776049.9,1287613.02,-25370.13,7,544486208.5,93527299.63,7,2070553116,3453239.59,4876197.088,88985299.7,14909947.06,299240598.9,2070049890,26000000
1913163,1618323856,1287908545,27951229.57,262360087.8,1465339441,33259182.61,47889411.24,616799994.9,2444297.56,813780.81,7,272286800.1,119168997.9,7,1233283308,10459731.61,2209473.6,8700187.45,6884968.49,63898940.32,1100129390,29398205
2594605,2999796247,2675826166,216268723.1,164187605,407867571,7627958.99,165000000,373930715,26623402.27,-3134818.392,7,95483611.03,86430243.03,7,1268597168,1973000.85,689385.57,48163493.47,5663164.828,-183688618.7,992301564,215621470.2
1248087,15263757863,11929238208,357598327.7,306668912.3,272942372,154776929.9,449836254.2,3991402982,243269349.8,-9596660.41,7,990745905.5,2406224176,7,5434502879,-1385142.85,363519.52,7305082.53,147340868.9,606174875.5,5359861678,1531750000
3910000,1830771616,1309561249,76538033.77,249669833.4,1015075422,36577098.96,28140592.56,777936262.3,80586313.61,32020461.25,7,558359522.1,116752468.6,7,1386004310,9707126.096,4929594.28,33267587.8,10707902.28,186245446.3,1320107397,87474800
4152775,7714992861,5256336842,127234038.4,527042500,439919075.8,13129475.79,258300000,816790110.4,3711722.86,8773259.69,7,624284085.5,1581254832,7,2366542162,35697197.7,7816347.694,55997240.19,8981401.08,473370944.4,2358541749,419484487.5
536472,268930146.5,218091822.4,4722007.24,126574665.4,25000000,24264145.48,154700401.3,91583386.3,1002959.9,2592520.696,7,163508533.5,19443220.34,7,125281938.1,-142694.58,1870590.89,9111667.75,30513713.62,26319483.3,124680747.6,74500000
3574027,4002490957,2247473557,143860937.7,152225976.5,5288700,62760053.77,495485131,898966636.9,2000000,-23231.084,7,472202943.6,1306094635,7,1102836809,688022.536,2641473.38,29396383.43,3930362.782,27942341.97,1089147361,1957000000
3599485,2851876672,2568852858,5754143.63,692929366.8,1035367226,35835569.39,2862048.72,1202180630,2475920,2098752.62,7,322369956.1,16325700.69,7,3798734339,24262795.31,1007089.48,38416931.96,123293379.4,148854863.1,3177658347,49800000
4367568,5269266498,3189146634,9887410.96,293909723.8,149022716.9,70511960.59,389892927.8,1600183264,44837236.48,12933207.55,7,887657793.1,804645302.8,7,2069762712,-3448259.94,7597057.36,12261641.15,10604577.35,495723622.7,1648790177,64505619
2822619,11663176229,7745503599,419907836,504631726,1966952075,143343767,1025464356,4848485421,38143245,106271468,7,1681708710,2514222640,7,6049574664,115449,33134055,31714058,91136572,770384159,5347946036,169334000
1275545,1318964128,550532068.2,44692207.5,75787885.66,183044696,125659463.5,300849328.2,201909981.2,10081474.44,199526.74,7,782568949.4,445415183.8,7,375120160.2,14080540.22,658370.85,39714377.39,59651480.37,206475402.8,366968875,3230759999
4215401,10276174735,6267593246,198860140.7,366373097.5,114831900,79162545.91,2969327589,4189222742,12214239.67,65133697.56,7,1456321679,2681261368,7,4466298821,1753877.88,2688572.24,20613545.25,84415498.81,814295752.7,3725024908,1788647360
2481742,4342465254,3896771725,364532089.3,220000246.8,1451508529,84690723.32,90143156.82,185026841.9,34411181.39,5612352.06,7,366277362.7,165646535,7,1694975530,305357.78,474064.8,19263497.28,4107830.15,155634035.7,1675650965,1373795320
3598643,971863184.8,771569644.5,13515862.95,62687640.13,8000000,117556901,71767786.1,736909832.5,13928722.76,-2103887.85,7,790968290.8,35338413.67,7,311622768.6,1078980.49,14628989.47,21411.65,5061049.37,62949440.37,216146837.4,757000000
2130311,3874467702,2494694029,164436599.6,150734188,276227775.6,51338356.68,495485131,87292558.16,38455032.2,-1510846.59,7,830352539.4,960759001.7,7,644154149.3,-377931.68,9029957.628,17998267.18,5219986.248,366567344.8,644122520.2,1524000000
4915590,2527154600,1888449500,17814447.39,163568729.9,84200000,10510351.98,2164870000,970037964.2,4902585,2525530.626,7,170738361.1,388404400,7,900736795.5,-539585.17,42380.14,5820547.31,500000,154967800,850998634,403595215.5
3229295,3528526143,2288284447,167390652.7,176820089.7,96800000,41664923.83,482436114.4,596363616.7,21542819.29,-1848165.48,7,385447216.7,888402399.8,7,1417799212,-2557827.02,4287466.38,5504790.16,332954.92,218415978.7,1362389979,115444810.9
2731086,154339974.2,61147155.21,357590.49,100395119.3,364486988.1,18550322.35,211056930.4,14763536.85,224000,715026.056,7,103990357.4,16301349.5,7,52383587.25,1096753.702,1386741.958,7377923.05,11829292.75,53939344.23,51015587.25,701820377.1
